E:\Falcon Delivery Chatbot\falcon-env\lib\site-packages\rasa\core\tracker_store.py:1044: MovedIn20Warning: Deprecated API features detected! These feature(s) are not compatible with SQLAlchemy 2.0. To prevent incompatible upgrades prior to updating applications, ensure requirements files are pinned to "sqlalchemy<2.0". Set environment variable SQLALCHEMY_WARN_20=1 to show all deprecation warnings.  Set environment variable SQLALCHEMY_SILENCE_UBER_WARNING=1 to silence this message. (Background on SQLAlchemy 2.0 at: https://sqlalche.me/e/b8d9)
  Base: DeclarativeMeta = declarative_base()
E:\Falcon Delivery Chatbot\falcon-env\lib\site-packages\rasa\shared\utils\validation.py:134: DeprecationWarning: pkg_resources is deprecated as an API. See https://setuptools.pypa.io/en/latest/pkg_resources.html
  import pkg_resources
E:\Falcon Delivery Chatbot\falcon-env\lib\site-packages\pkg_resources\__init__.py:2832: DeprecationWarning: Deprecated call to `pkg_resources.declare_namespace('mpl_toolkits')`.
Implementing implicit namespace packages (as specified in PEP 420) is preferred to `pkg_resources.declare_namespace`. See https://setuptools.pypa.io/en/latest/references/keywords.html#keyword-namespace-packages
  declare_namespace(pkg)
E:\Falcon Delivery Chatbot\falcon-env\lib\site-packages\pkg_resources\__init__.py:2832: DeprecationWarning: Deprecated call to `pkg_resources.declare_namespace('ruamel')`.
Implementing implicit namespace packages (as specified in PEP 420) is preferred to `pkg_resources.declare_namespace`. See https://setuptools.pypa.io/en/latest/references/keywords.html#keyword-namespace-packages
  declare_namespace(pkg)
<frozen importlib._bootstrap>:283: DeprecationWarning: the load_module() method is deprecated and slated for removal in Python 3.12; use exec_module() instead
2026-07-21 10:33:00 [1;30mDEBUG   [0m [34mrasa.cli.utils[0m  - Parameter 'credentials' not set. Using default location 'credentials.yml' instead.
E:\Falcon Delivery Chatbot\falcon-env\lib\site-packages\sanic_cors\extension.py:39: DeprecationWarning: distutils Version classes are deprecated. Use packaging.version instead.
  SANIC_VERSION = LooseVersion(sanic_version)
2026-07-21 10:33:04 [1;30mDEBUG   [0m [34mh5py._conv[0m  - Creating converter from 7 to 5
2026-07-21 10:33:04 [1;30mDEBUG   [0m [34mh5py._conv[0m  - Creating converter from 5 to 7
2026-07-21 10:33:04 [1;30mDEBUG   [0m [34mh5py._conv[0m  - Creating converter from 7 to 5
2026-07-21 10:33:04 [1;30mDEBUG   [0m [34mh5py._conv[0m  - Creating converter from 5 to 7
2026-07-21 10:33:05 [1;30mDEBUG   [0m [34mjax._src.path[0m  - etils.epath was not found. Using pathlib for file I/O.
E:\Falcon Delivery Chatbot\falcon-env\lib\site-packages\tensorflow\lite\python\util.py:52: DeprecationWarning: jax.xla_computation is deprecated. Please use the AOT APIs.
  from jax import xla_computation as _xla_computation
E:\Falcon Delivery Chatbot\falcon-env\lib\site-packages\matplotlib\fontconfig_pattern.py:66: PyparsingDeprecationWarning: 'setParseAction' deprecated - use 'set_parse_action'
  ).setParseAction(self._family)
E:\Falcon Delivery Chatbot\falcon-env\lib\site-packages\matplotlib\fontconfig_pattern.py:127: PyparsingDeprecationWarning: 'parseString' deprecated - use 'parse_string'
  self._parser.parseString(pattern)
E:\Falcon Delivery Chatbot\falcon-env\lib\site-packages\matplotlib\fontconfig_pattern.py:134: PyparsingDeprecationWarning: 'resetCache' deprecated - use 'reset_cache'
  self._parser.resetCache()
<frozen importlib._bootstrap>:283: DeprecationWarning: the load_module() method is deprecated and slated for removal in Python 3.12; use exec_module() instead
2026-07-21 10:33:09 [1;30mDEBUG   [0m [34mrasa.core.utils[0m  - Available web server routes: 
/conversations/<conversation_id:path>/messages     POST                           add_message
/conversations/<conversation_id:path>/tracker/events POST                           append_events
/webhooks/rest                                     GET                            custom_webhook_RestInput.health
/webhooks/rest/webhook                             POST                           custom_webhook_RestInput.receive
/model/test/intents                                POST                           evaluate_intents
/model/test/stories                                POST                           evaluate_stories
/conversations/<conversation_id:path>/execute      POST                           execute_action
/domain                                            GET                            get_domain
/                                                  GET                            hello
/model                                             PUT                            load_model
/model/parse                                       POST                           parse
/conversations/<conversation_id:path>/predict      POST                           predict
/conversations/<conversation_id:path>/tracker/events PUT                            replace_events
/conversations/<conversation_id:path>/story        GET                            retrieve_story
/conversations/<conversation_id:path>/tracker      GET                            retrieve_tracker
/status                                            GET                            status
/model/predict                                     POST                           tracker_predict
/model/train                                       POST                           train
/conversations/<conversation_id:path>/trigger_intent POST                           trigger_intent
/model                                             DELETE                         unload_model
/version                                           GET                            version
2026-07-21 10:33:09 [1;30mINFO    [0m [34mroot[0m  - Starting Rasa server on http://0.0.0.0:5005
2026-07-21 10:33:09 [1;30mDEBUG   [0m [34mrasa.core.utils[0m  - Using the default number of Sanic workers (1).
[93mE:\Falcon Delivery Chatbot\falcon-env\lib\site-packages\rasa\shared\core\slot_mappings.py:224: UserWarning: Slot auto-fill has been removed in 3.0 and replaced with a new explicit mechanism to set slots. Please refer to https://rasa.com/docs/rasa/domain#slots to learn more.
  rasa.shared.utils.io.raise_warning(
[0m2026-07-21 10:33:10 [1;30mDEBUG   [0m [34mrasa.telemetry[0m  - Skipping telemetry reporting: no license hash found.
2026-07-21 10:33:10 [1;30mDEBUG   [0m [34mrasa.core.tracker_store[0m  - Connected to InMemoryTrackerStore.
2026-07-21 10:33:10 [1;30mDEBUG   [0m [34mrasa.core.lock_store[0m  - Connected to lock store 'InMemoryLockStore'.
2026-07-21 10:33:10 [1;30mDEBUG   [0m [34mrasa.core.nlg.generator[0m  - Instantiated NLG to 'TemplatedNaturalLanguageGenerator'.
2026-07-21 10:33:10 [1;30mINFO    [0m [34mrasa.core.processor[0m  - Loading model models\dialogue_v2_transition_repaired\falcon_dialogue_v2_transition_repaired.tar.gz...
2026-07-21 10:33:11 [1;30mDEBUG   [0m [34mrasa.engine.storage.local_model_storage[0m  - Extracted model to 'C:\Users\MSI~1\AppData\Local\Temp\tmpl7er23w_'.
2026-07-21 10:33:11 [1;30mDEBUG   [0m [34mrasa.engine.graph[0m  - Node 'nlu_message_converter' loading 'NLUMessageConverter.load' and kwargs: '{}'.
2026-07-21 10:33:11 [1;30mDEBUG   [0m [34mrasa.engine.graph[0m  - Node 'run_WhitespaceTokenizer0' loading 'WhitespaceTokenizer.load' and kwargs: '{}'.
2026-07-21 10:33:11 [1;30mDEBUG   [0m [34mrasa.engine.graph[0m  - Node 'run_RegexFeaturizer1' loading 'RegexFeaturizer.load' and kwargs: '{}'.
2026-07-21 10:33:11 [1;30mDEBUG   [0m [34mrasa.engine.storage.local_model_storage[0m  - Resource 'train_RegexFeaturizer1' was requested for reading.
2026-07-21 10:33:11 [1;30mDEBUG   [0m [34mrasa.engine.graph[0m  - Node 'run_LexicalSyntacticFeaturizer2' loading 'LexicalSyntacticFeaturizer.load' and kwargs: '{}'.
2026-07-21 10:33:11 [1;30mDEBUG   [0m [34mrasa.engine.storage.local_model_storage[0m  - Resource 'train_LexicalSyntacticFeaturizer2' was requested for reading.
2026-07-21 10:33:11 [1;30mDEBUG   [0m [34mrasa.engine.graph[0m  - Node 'run_CountVectorsFeaturizer3' loading 'CountVectorsFeaturizer.load' and kwargs: '{}'.
2026-07-21 10:33:11 [1;30mDEBUG   [0m [34mrasa.engine.storage.local_model_storage[0m  - Resource 'train_CountVectorsFeaturizer3' was requested for reading.
2026-07-21 10:33:11 [1;30mDEBUG   [0m [34mrasa.engine.graph[0m  - Node 'run_CountVectorsFeaturizer4' loading 'CountVectorsFeaturizer.load' and kwargs: '{}'.
2026-07-21 10:33:11 [1;30mDEBUG   [0m [34mrasa.engine.storage.local_model_storage[0m  - Resource 'train_CountVectorsFeaturizer4' was requested for reading.
2026-07-21 10:33:11 [1;30mDEBUG   [0m [34mrasa.engine.graph[0m  - Node 'run_DIETClassifier5' loading 'DIETClassifier.load' and kwargs: '{}'.
2026-07-21 10:33:11 [1;30mDEBUG   [0m [34mrasa.engine.storage.local_model_storage[0m  - Resource 'train_DIETClassifier5' was requested for reading.
2026-07-21 10:33:11 [1;30mDEBUG   [0m [34mrasa.utils.tensorflow.models[0m  - Loading the model from C:\Users\MSI~1\AppData\Local\Temp\tmphemdnlug\train_DIETClassifier5\DIETClassifier.tf_model with finetune_mode=False...
2026-07-21 10:33:12 [1;30mDEBUG   [0m [34mrasa.nlu.classifiers.diet_classifier[0m  - Following metrics will be logged during training: 
2026-07-21 10:33:12 [1;30mDEBUG   [0m [34mrasa.nlu.classifiers.diet_classifier[0m  -   t_loss (total loss)
2026-07-21 10:33:12 [1;30mDEBUG   [0m [34mrasa.nlu.classifiers.diet_classifier[0m  -   i_acc (intent acc)
2026-07-21 10:33:12 [1;30mDEBUG   [0m [34mrasa.nlu.classifiers.diet_classifier[0m  -   i_loss (intent loss)
2026-07-21 10:33:12 [1;30mDEBUG   [0m [34mrasa.nlu.classifiers.diet_classifier[0m  -   e_f1 (entity f1)
2026-07-21 10:33:12 [1;30mDEBUG   [0m [34mrasa.nlu.classifiers.diet_classifier[0m  -   e_loss (entity loss)
C:\Users\M S I\AppData\Local\Programs\Python\Python310\lib\random.py:370: DeprecationWarning: non-integer arguments to randrange() have been deprecated since Python 3.10 and will be removed in a subsequent version
  return self.randrange(a, b+1)
2026-07-21 10:33:56 [1;30mDEBUG   [0m [34mrasa.utils.tensorflow.models[0m  - Finished loading the model.
2026-07-21 10:33:56 [1;30mDEBUG   [0m [34mrasa.engine.graph[0m  - Node 'run_EntitySynonymMapper6' loading 'EntitySynonymMapper.load' and kwargs: '{}'.
2026-07-21 10:33:56 [1;30mDEBUG   [0m [34mrasa.engine.storage.local_model_storage[0m  - Resource 'train_EntitySynonymMapper6' was requested for reading.
2026-07-21 10:33:56 [1;30mDEBUG   [0m [34mrasa.engine.graph[0m  - Node 'run_FallbackClassifier7' loading 'FallbackClassifier.load' and kwargs: '{}'.
2026-07-21 10:33:56 [1;30mDEBUG   [0m [34mrasa.engine.graph[0m  - Node 'run_RegexMessageHandler' loading 'RegexMessageHandler.load' and kwargs: '{}'.
2026-07-21 10:33:56 [1;30mDEBUG   [0m [34mrasa.engine.graph[0m  - Node 'domain_provider' loading 'DomainProvider.load' and kwargs: '{}'.
2026-07-21 10:33:56 [1;30mDEBUG   [0m [34mrasa.engine.storage.local_model_storage[0m  - Resource 'domain_provider' was requested for reading.
2026-07-21 10:33:56 [1;30mDEBUG   [0m [34mrasa.engine.graph[0m  - Node 'run_MemoizationPolicy0' loading 'MemoizationPolicy.load' and kwargs: '{}'.
2026-07-21 10:33:56 [1;30mDEBUG   [0m [34mrasa.engine.storage.local_model_storage[0m  - Resource 'train_MemoizationPolicy0' was requested for reading.
2026-07-21 10:33:56 [1;30mDEBUG   [0m [34mrasa.engine.graph[0m  - Node 'run_RulePolicy1' loading 'RulePolicy.load' and kwargs: '{}'.
2026-07-21 10:33:56 [1;30mDEBUG   [0m [34mrasa.engine.storage.local_model_storage[0m  - Resource 'train_RulePolicy1' was requested for reading.
2026-07-21 10:33:56 [1;30mDEBUG   [0m [34mrasa.engine.graph[0m  - Node 'run_TEDPolicy2' loading 'TEDPolicy.load' and kwargs: '{}'.
2026-07-21 10:33:56 [1;30mDEBUG   [0m [34mrasa.engine.storage.local_model_storage[0m  - Resource 'train_TEDPolicy2' was requested for reading.
2026-07-21 10:33:56 [1;30mDEBUG   [0m [34mrasa.utils.tensorflow.models[0m  - Loading the model from C:\Users\MSI~1\AppData\Local\Temp\tmphemdnlug\train_TEDPolicy2\ted_policy.tf_model with finetune_mode=False...
2026-07-21 10:34:12 [1;30mDEBUG   [0m [34mrasa.utils.tensorflow.models[0m  - Finished loading the model.
[93mE:\Falcon Delivery Chatbot\falcon-env\lib\site-packages\rasa\utils\train_utils.py:530: UserWarning: constrain_similarities is set to `False`. It is recommended to set it to `True` when using cross-entropy loss.
  rasa.shared.utils.io.raise_warning(
[0m2026-07-21 10:34:12 [1;30mDEBUG   [0m [34mrasa.engine.graph[0m  - Node 'rule_only_data_provider' loading 'RuleOnlyDataProvider.load' and kwargs: '{}'.
2026-07-21 10:34:12 [1;30mDEBUG   [0m [34mrasa.engine.storage.local_model_storage[0m  - Resource 'train_RulePolicy1' was requested for reading.
2026-07-21 10:34:12 [1;30mDEBUG   [0m [34mrasa.engine.graph[0m  - Node 'select_prediction' loading 'DefaultPolicyPredictionEnsemble.load' and kwargs: '{}'.
2026-07-21 10:34:12 [1;30mINFO    [0m [34mroot[0m  - Rasa server is up and running.
2026-07-21 10:34:12 [1;30mINFO    [0m [34mroot[0m  - Enabling coroutine debugging. Loop id 2576287900592.
2026-07-21 10:34:42 [1;30mDEBUG   [0m [34mrasa.core.lock_store[0m  - Issuing ticket for conversation 'live-runtime-repair'.
2026-07-21 10:34:42 [1;30mDEBUG   [0m [34mrasa.core.lock_store[0m  - Acquiring lock for conversation 'live-runtime-repair'.
2026-07-21 10:34:42 [1;30mDEBUG   [0m [34mrasa.core.lock_store[0m  - Acquired lock for conversation 'live-runtime-repair'.
2026-07-21 10:34:42 [1;30mDEBUG   [0m [34mrasa.core.tracker_store[0m  - Could not find tracker for conversation ID 'live-runtime-repair'.
2026-07-21 10:34:42 [1;30mDEBUG   [0m [34mrasa.core.tracker_store[0m  - No event broker configured. Skipping streaming events.
2026-07-21 10:34:42 [1;30mDEBUG   [0m [34mrasa.core.processor[0m  - Starting a new session for conversation ID 'live-runtime-repair'.
2026-07-21 10:34:42 [1;30mDEBUG   [0m [34mrasa.core.processor[0m  - {"prediction_events": [], "event": "processor.actions.policy_prediction", "level": "debug"}
2026-07-21 10:34:42 [1;30mDEBUG   [0m [34mrasa.core.processor[0m  - {"action_name": "action_session_start", "rasa_events": ["<rasa.shared.core.events.SessionStarted object at 0x00000257F23E7220>", "SlotSet(key: session_started_metadata, value: {'locale': 'ar-SY', 'channel': 'shell'})", "ActionExecuted(action: action_listen, policy: None, confidence: None)"], "event": "processor.actions.log", "level": "debug"}
2026-07-21 10:34:42 [1;30mDEBUG   [0m [34mrasa.core.processor[0m  - {"slot_values": "\tproduct_name: None\n\tfood_category: None\n\tsize: None\n\tquantity: None\n\tmax_price: None\n\tincluded_ingredients: None\n\texcluded_ingredients: None\n\tselected_index: None\n\tselected_product_id: None\n\tselected_product_name: None\n\tselected_product_details: None\n\tsearch_results: None\n\tdisplayed_product_ids: None\n\tresult_offset: None\n\thas_more_results: None\n\tdialogue_stage: None\n\tawaiting_quantity: None\n\tawaiting_selection: None\n\tawaiting_cart_confirmation: None\n\tpending_action: None\n\tlast_requested_attribute: None\n\tprevious_search_filters: None\n\tlast_bot_question: None\n\tcart_idempotency_key: None\n\tsession_started_metadata: {'locale': 'ar-SY', 'channel': 'shell'}", "event": "processor.slots.log", "level": "debug"}
2026-07-21 10:34:42 [1;30mDEBUG   [0m [34mrasa.engine.runner.dask[0m  - Running graph with inputs: {'__message__': [<rasa.core.channels.channel.UserMessage object at 0x00000257FB4E9150>], '__tracker__': <rasa.shared.core.trackers.DialogueStateTracker object at 0x00000257F4845540>}, targets: ['run_RegexMessageHandler'] and ExecutionContext(model_id='aecf59e519724d7085c5203ce38acf11', should_add_diagnostic_data=False, is_finetuning=False, node_name=None).
2026-07-21 10:34:42 [1;30mDEBUG   [0m [34mrasa.engine.graph[0m  - Node 'nlu_message_converter' running 'NLUMessageConverter.convert_user_message'.
2026-07-21 10:34:42 [1;30mDEBUG   [0m [34mrasa.engine.graph[0m  - Node 'run_WhitespaceTokenizer0' running 'WhitespaceTokenizer.process'.
2026-07-21 10:34:42 [1;30mDEBUG   [0m [34mrasa.engine.graph[0m  - Node 'run_RegexFeaturizer1' running 'RegexFeaturizer.process'.
2026-07-21 10:34:42 [1;30mDEBUG   [0m [34mrasa.engine.graph[0m  - Node 'run_LexicalSyntacticFeaturizer2' running 'LexicalSyntacticFeaturizer.process'.
2026-07-21 10:34:42 [1;30mDEBUG   [0m [34mrasa.engine.graph[0m  - Node 'run_CountVectorsFeaturizer3' running 'CountVectorsFeaturizer.process'.
2026-07-21 10:34:42 [1;30mDEBUG   [0m [34mrasa.engine.graph[0m  - Node 'run_CountVectorsFeaturizer4' running 'CountVectorsFeaturizer.process'.
2026-07-21 10:34:42 [1;30mDEBUG   [0m [34mrasa.engine.graph[0m  - Node 'run_DIETClassifier5' running 'DIETClassifier.process'.
2026-07-21 10:34:43 [1;30mDEBUG   [0m [34mrasa.engine.graph[0m  - Node 'run_EntitySynonymMapper6' running 'EntitySynonymMapper.process'.
2026-07-21 10:34:43 [1;30mDEBUG   [0m [34mrasa.engine.graph[0m  - Node 'run_FallbackClassifier7' running 'FallbackClassifier.process'.
2026-07-21 10:34:43 [1;30mDEBUG   [0m [34mrasa.engine.graph[0m  - Node 'domain_provider' running 'DomainProvider.provide_inference'.
2026-07-21 10:34:43 [1;30mDEBUG   [0m [34mrasa.engine.graph[0m  - Node 'run_RegexMessageHandler' running 'RegexMessageHandler.process'.
2026-07-21 10:34:43 [1;30mDEBUG   [0m [34mrasa.core.processor[0m  - {"parse_data_text": "/restart", "parse_data_intent": {"name": "restart", "confidence": 1.0}, "parse_data_entities": [], "event": "processor.message.parse", "level": "debug"}
2026-07-21 10:34:43 [1;30mDEBUG   [0m [34mrasa.core.processor[0m  - Logged UserUtterance - tracker now has 6 events.
2026-07-21 10:34:43 [1;30mDEBUG   [0m [34mrasa.core.actions.action[0m  - Validating extracted slots: 
2026-07-21 10:34:43 [1;30mDEBUG   [0m [34mrasa.core.processor[0m  - {"action_extract_slot": "action_extract_slots", "len_extraction_events": 0, "rasa_events": [], "event": "processor.extract.slots", "level": "debug"}
2026-07-21 10:34:43 [1;30mDEBUG   [0m [34mrasa.engine.runner.dask[0m  - Running graph with inputs: {'__tracker__': <rasa.shared.core.trackers.DialogueStateTracker object at 0x00000257F4845540>}, targets: ['select_prediction'] and ExecutionContext(model_id='aecf59e519724d7085c5203ce38acf11', should_add_diagnostic_data=False, is_finetuning=False, node_name=None).
2026-07-21 10:34:43 [1;30mDEBUG   [0m [34mrasa.engine.graph[0m  - Node 'rule_only_data_provider' running 'RuleOnlyDataProvider.provide'.
2026-07-21 10:34:43 [1;30mDEBUG   [0m [34mrasa.engine.graph[0m  - Node 'domain_provider' running 'DomainProvider.provide_inference'.
2026-07-21 10:34:43 [1;30mDEBUG   [0m [34mrasa.engine.graph[0m  - Node 'run_MemoizationPolicy0' running 'MemoizationPolicy.predict_action_probabilities'.
2026-07-21 10:34:43 [1;30mDEBUG   [0m [34mrasa.core.policies.memoization[0m  - {"tracker_states": [{}, {"user": {"intent": "restart"}, "prev_action": {"action_name": "action_listen"}}], "event": "memoization.predict.actions", "level": "debug"}
2026-07-21 10:34:43 [1;30mDEBUG   [0m [34mrasa.core.policies.memoization[0m  - There is no memorised next action
2026-07-21 10:34:43 [1;30mDEBUG   [0m [34mrasa.engine.graph[0m  - Node 'run_RulePolicy1' running 'RulePolicy.predict_action_probabilities'.
2026-07-21 10:34:43 [1;30mDEBUG   [0m [34mrasa.core.policies.rule_policy[0m  - {"current_states": "\n[state 1] user text: /restart | previous action name: action_listen", "event": "rule_policy.actions.find", "level": "debug"}
2026-07-21 10:34:43 [1;30mDEBUG   [0m [34mrasa.core.policies.rule_policy[0m  - There is no applicable rule.
2026-07-21 10:34:43 [1;30mDEBUG   [0m [34mrasa.core.policies.rule_policy[0m  - Predicted default action 'action_restart'.
2026-07-21 10:34:43 [1;30mDEBUG   [0m [34mrasa.engine.graph[0m  - Node 'run_TEDPolicy2' running 'TEDPolicy.predict_action_probabilities'.
2026-07-21 10:34:43 [1;30mDEBUG   [0m [34mrasa.core.policies.ted_policy[0m  - TED predicted 'utter_help' based on user intent.
2026-07-21 10:34:43 [1;30mDEBUG   [0m [34mrasa.engine.graph[0m  - Node 'select_prediction' running 'DefaultPolicyPredictionEnsemble.combine_predictions_from_kwargs'.
2026-07-21 10:34:43 [1;30mDEBUG   [0m [34mrasa.core.policies.ensemble[0m  - Made prediction using user intent.
2026-07-21 10:34:43 [1;30mDEBUG   [0m [34mrasa.core.policies.ensemble[0m  - Added `DefinePrevUserUtteredFeaturization(False)` event.
2026-07-21 10:34:43 [1;30mDEBUG   [0m [34mrasa.core.policies.ensemble[0m  - Predicted next action using RulePolicy.
2026-07-21 10:34:43 [1;30mDEBUG   [0m [34mrasa.core.processor[0m  - Predicted next action 'action_restart' with confidence 1.00.
2026-07-21 10:34:43 [1;30mDEBUG   [0m [34mrasa.core.processor[0m  - {"prediction_events": ["<rasa.shared.core.events.DefinePrevUserUtteredFeaturization object at 0x00000257F23E7190>"], "event": "processor.actions.policy_prediction", "level": "debug"}
2026-07-21 10:34:43 [1;30mDEBUG   [0m [34mrasa.core.processor[0m  - {"action_name": "action_restart", "rasa_events": ["<rasa.shared.core.events.Restarted object at 0x00000257F23E6F20>"], "event": "processor.actions.log", "level": "debug"}
2026-07-21 10:34:43 [1;30mDEBUG   [0m [34mrasa.core.processor[0m  - {"slot_values": "\tproduct_name: None\n\tfood_category: None\n\tsize: None\n\tquantity: None\n\tmax_price: None\n\tincluded_ingredients: None\n\texcluded_ingredients: None\n\tselected_index: None\n\tselected_product_id: None\n\tselected_product_name: None\n\tselected_product_details: None\n\tsearch_results: None\n\tdisplayed_product_ids: None\n\tresult_offset: None\n\thas_more_results: None\n\tdialogue_stage: None\n\tawaiting_quantity: None\n\tawaiting_selection: None\n\tawaiting_cart_confirmation: None\n\tpending_action: None\n\tlast_requested_attribute: None\n\tprevious_search_filters: None\n\tlast_bot_question: None\n\tcart_idempotency_key: None\n\tsession_started_metadata: None", "event": "processor.slots.log", "level": "debug"}
2026-07-21 10:34:43 [1;30mDEBUG   [0m [34mrasa.core.processor[0m  - Predicted next action 'action_session_start' with confidence 1.00.
2026-07-21 10:34:43 [1;30mDEBUG   [0m [34mrasa.core.processor[0m  - {"prediction_events": [], "event": "processor.actions.policy_prediction", "level": "debug"}
2026-07-21 10:34:43 [1;30mDEBUG   [0m [34mrasa.core.processor[0m  - {"action_name": "action_session_start", "rasa_events": ["<rasa.shared.core.events.SessionStarted object at 0x00000257F23E6410>", "ActionExecuted(action: action_listen, policy: None, confidence: None)"], "event": "processor.actions.log", "level": "debug"}
2026-07-21 10:34:43 [1;30mDEBUG   [0m [34mrasa.core.processor[0m  - {"slot_values": "\tproduct_name: None\n\tfood_category: None\n\tsize: None\n\tquantity: None\n\tmax_price: None\n\tincluded_ingredients: None\n\texcluded_ingredients: None\n\tselected_index: None\n\tselected_product_id: None\n\tselected_product_name: None\n\tselected_product_details: None\n\tsearch_results: None\n\tdisplayed_product_ids: None\n\tresult_offset: None\n\thas_more_results: None\n\tdialogue_stage: None\n\tawaiting_quantity: None\n\tawaiting_selection: None\n\tawaiting_cart_confirmation: None\n\tpending_action: None\n\tlast_requested_attribute: None\n\tprevious_search_filters: None\n\tlast_bot_question: None\n\tcart_idempotency_key: None\n\tsession_started_metadata: None", "event": "processor.slots.log", "level": "debug"}
2026-07-21 10:34:43 [1;30mDEBUG   [0m [34mrasa.core.tracker_store[0m  - No event broker configured. Skipping streaming events.
2026-07-21 10:34:43 [1;30mDEBUG   [0m [34mrasa.core.lock_store[0m  - Deleted lock for conversation 'live-runtime-repair'.
2026-07-21 10:34:43 [1;30mDEBUG   [0m [34mrasa.core.tracker_store[0m  - Recreating tracker for id 'live-runtime-repair'
2026-07-21 10:34:43 [1;30mDEBUG   [0m [34mrasa.core.lock_store[0m  - Issuing ticket for conversation 'live-runtime-repair'.
2026-07-21 10:34:43 [1;30mDEBUG   [0m [34mrasa.core.lock_store[0m  - Acquiring lock for conversation 'live-runtime-repair'.
2026-07-21 10:34:43 [1;30mDEBUG   [0m [34mrasa.core.lock_store[0m  - Acquired lock for conversation 'live-runtime-repair'.
2026-07-21 10:34:43 [1;30mDEBUG   [0m [34mrasa.core.tracker_store[0m  - Recreating tracker for id 'live-runtime-repair'
2026-07-21 10:34:43 [1;30mDEBUG   [0m [34mrasa.engine.runner.dask[0m  - Running graph with inputs: {'__message__': [<rasa.core.channels.channel.UserMessage object at 0x00000257F4845D50>], '__tracker__': <rasa.shared.core.trackers.DialogueStateTracker object at 0x00000257F23E4D90>}, targets: ['run_RegexMessageHandler'] and ExecutionContext(model_id='aecf59e519724d7085c5203ce38acf11', should_add_diagnostic_data=False, is_finetuning=False, node_name=None).
2026-07-21 10:34:43 [1;30mDEBUG   [0m [34mrasa.engine.graph[0m  - Node 'nlu_message_converter' running 'NLUMessageConverter.convert_user_message'.
2026-07-21 10:34:43 [1;30mDEBUG   [0m [34mrasa.engine.graph[0m  - Node 'run_WhitespaceTokenizer0' running 'WhitespaceTokenizer.process'.
2026-07-21 10:34:43 [1;30mDEBUG   [0m [34mrasa.engine.graph[0m  - Node 'run_RegexFeaturizer1' running 'RegexFeaturizer.process'.
2026-07-21 10:34:43 [1;30mDEBUG   [0m [34mrasa.engine.graph[0m  - Node 'run_LexicalSyntacticFeaturizer2' running 'LexicalSyntacticFeaturizer.process'.
2026-07-21 10:34:43 [1;30mDEBUG   [0m [34mrasa.engine.graph[0m  - Node 'run_CountVectorsFeaturizer3' running 'CountVectorsFeaturizer.process'.
2026-07-21 10:34:43 [1;30mDEBUG   [0m [34mrasa.engine.graph[0m  - Node 'run_CountVectorsFeaturizer4' running 'CountVectorsFeaturizer.process'.
2026-07-21 10:34:43 [1;30mDEBUG   [0m [34mrasa.engine.graph[0m  - Node 'run_DIETClassifier5' running 'DIETClassifier.process'.
2026-07-21 10:34:43 [1;30mDEBUG   [0m [34mrasa.engine.graph[0m  - Node 'run_EntitySynonymMapper6' running 'EntitySynonymMapper.process'.
2026-07-21 10:34:43 [1;30mDEBUG   [0m [34mrasa.engine.graph[0m  - Node 'run_FallbackClassifier7' running 'FallbackClassifier.process'.
2026-07-21 10:34:43 [1;30mDEBUG   [0m [34mrasa.engine.graph[0m  - Node 'domain_provider' running 'DomainProvider.provide_inference'.
2026-07-21 10:34:43 [1;30mDEBUG   [0m [34mrasa.engine.graph[0m  - Node 'run_RegexMessageHandler' running 'RegexMessageHandler.process'.
2026-07-21 10:34:43 [1;30mDEBUG   [0m [34mrasa.core.processor[0m  - {"parse_data_text": "\u0628\u062f\u064a \u0628\u064a\u062a\u0632\u0627 \u0643\u0628\u064a\u0631\u0629 \u0628\u062f\u0648\u0646 \u0641\u0637\u0631", "parse_data_intent": {"name": "search_product", "confidence": 1.0}, "parse_data_entities": [{"entity": "food_category", "start": 4, "end": 9, "confidence_entity": 0.9994427561759949, "value": "pizza", "extractor": "DIETClassifier", "processors": ["EntitySynonymMapper"]}, {"entity": "size", "start": 10, "end": 15, "confidence_entity": 0.9997287392616272, "value": "large", "extractor": "DIETClassifier", "processors": ["EntitySynonymMapper"]}, {"entity": "excluded_ingredient", "start": 21, "end": 24, "confidence_entity": 0.9998218417167664, "value": "\u0641\u0637\u0631", "extractor": "DIETClassifier", "processors": ["EntitySynonymMapper"]}], "event": "processor.message.parse", "level": "debug"}
2026-07-21 10:34:43 [1;30mDEBUG   [0m [34mrasa.core.processor[0m  - {"slot_values": "\tproduct_name: None\n\tfood_category: None\n\tsize: None\n\tquantity: None\n\tmax_price: None\n\tincluded_ingredients: None\n\texcluded_ingredients: None\n\tselected_index: None\n\tselected_product_id: None\n\tselected_product_name: None\n\tselected_product_details: None\n\tsearch_results: None\n\tdisplayed_product_ids: None\n\tresult_offset: None\n\thas_more_results: None\n\tdialogue_stage: None\n\tawaiting_quantity: None\n\tawaiting_selection: None\n\tawaiting_cart_confirmation: None\n\tpending_action: None\n\tlast_requested_attribute: None\n\tprevious_search_filters: None\n\tlast_bot_question: None\n\tcart_idempotency_key: None\n\tsession_started_metadata: None", "event": "processor.slots.log", "level": "debug"}
2026-07-21 10:34:43 [1;30mDEBUG   [0m [34mrasa.core.processor[0m  - Logged UserUtterance - tracker now has 4 events.
2026-07-21 10:34:43 [1;30mDEBUG   [0m [34mrasa.core.actions.action[0m  - Validating extracted slots: food_category
size
excluded_ingredients
2026-07-21 10:34:43 [1;30mDEBUG   [0m [34mrasa.core.processor[0m  - {"action_extract_slot": "action_extract_slots", "len_extraction_events": 3, "rasa_events": ["SlotSet(key: food_category, value: pizza)", "SlotSet(key: size, value: large)", "SlotSet(key: excluded_ingredients, value: ['\u0641\u0637\u0631'])"], "event": "processor.extract.slots", "level": "debug"}
2026-07-21 10:34:43 [1;30mDEBUG   [0m [34mrasa.engine.runner.dask[0m  - Running graph with inputs: {'__tracker__': <rasa.shared.core.trackers.DialogueStateTracker object at 0x00000257F23E4D90>}, targets: ['select_prediction'] and ExecutionContext(model_id='aecf59e519724d7085c5203ce38acf11', should_add_diagnostic_data=False, is_finetuning=False, node_name=None).
2026-07-21 10:34:43 [1;30mDEBUG   [0m [34mrasa.engine.graph[0m  - Node 'rule_only_data_provider' running 'RuleOnlyDataProvider.provide'.
2026-07-21 10:34:43 [1;30mDEBUG   [0m [34mrasa.engine.graph[0m  - Node 'domain_provider' running 'DomainProvider.provide_inference'.
2026-07-21 10:34:43 [1;30mDEBUG   [0m [34mrasa.engine.graph[0m  - Node 'run_MemoizationPolicy0' running 'MemoizationPolicy.predict_action_probabilities'.
2026-07-21 10:34:43 [1;30mDEBUG   [0m [34mrasa.core.policies.memoization[0m  - {"tracker_states": [{}, {"user": {"intent": "search_product", "entities": ["excluded_ingredient", "food_category", "size"]}, "prev_action": {"action_name": "action_listen"}}], "event": "memoization.predict.actions", "level": "debug"}
2026-07-21 10:34:43 [1;30mDEBUG   [0m [34mrasa.core.policies.memoization[0m  - There is no memorised next action
2026-07-21 10:34:43 [1;30mDEBUG   [0m [34mrasa.engine.graph[0m  - Node 'run_RulePolicy1' running 'RulePolicy.predict_action_probabilities'.
2026-07-21 10:34:43 [1;30mDEBUG   [0m [34mrasa.core.policies.rule_policy[0m  - {"current_states": "\n[state 1] user text: \u0628\u062f\u064a \u0628\u064a\u062a\u0632\u0627 \u0643\u0628\u064a\u0631\u0629 \u0628\u062f\u0648\u0646 \u0641\u0637\u0631 | previous action name: action_listen", "event": "rule_policy.actions.find", "level": "debug"}
2026-07-21 10:34:43 [1;30mDEBUG   [0m [34mrasa.core.policies.rule_policy[0m  - There is no applicable rule.
2026-07-21 10:34:43 [1;30mDEBUG   [0m [34mrasa.core.policies.rule_policy[0m  - {"current_states": "\n[state 1] user intent: search_product | user entities: ('excluded_ingredient', 'food_category', 'size') | previous action name: action_listen", "event": "rule_policy.actions.find", "level": "debug"}
2026-07-21 10:34:43 [1;30mDEBUG   [0m [34mrasa.core.policies.rule_policy[0m  - There is a rule for the next action 'action_search_products'.
2026-07-21 10:34:43 [1;30mDEBUG   [0m [34mrasa.engine.graph[0m  - Node 'run_TEDPolicy2' running 'TEDPolicy.predict_action_probabilities'.
2026-07-21 10:34:43 [1;30mDEBUG   [0m [34mrasa.core.policies.ted_policy[0m  - TED predicted 'action_search_products' based on user intent.
2026-07-21 10:34:43 [1;30mDEBUG   [0m [34mrasa.engine.graph[0m  - Node 'select_prediction' running 'DefaultPolicyPredictionEnsemble.combine_predictions_from_kwargs'.
2026-07-21 10:34:43 [1;30mDEBUG   [0m [34mrasa.core.policies.ensemble[0m  - Made prediction using user intent.
2026-07-21 10:34:43 [1;30mDEBUG   [0m [34mrasa.core.policies.ensemble[0m  - Added `DefinePrevUserUtteredFeaturization(False)` event.
2026-07-21 10:34:43 [1;30mDEBUG   [0m [34mrasa.core.policies.ensemble[0m  - Predicted next action using RulePolicy.
2026-07-21 10:34:43 [1;30mDEBUG   [0m [34mrasa.core.processor[0m  - Predicted next action 'action_search_products' with confidence 1.00.
2026-07-21 10:34:43 [1;30mDEBUG   [0m [34mrasa.core.actions.action[0m  - Calling action endpoint to run action 'action_search_products'.
2026-07-21 10:34:44 [1;30mDEBUG   [0m [34mrasa.core.processor[0m  - {"prediction_events": ["<rasa.shared.core.events.DefinePrevUserUtteredFeaturization object at 0x00000257F23E68F0>"], "event": "processor.actions.policy_prediction", "level": "debug"}
2026-07-21 10:34:44 [1;30mDEBUG   [0m [34mrasa.core.processor[0m  - {"action_name": "action_search_products", "rasa_events": ["BotUttered('\u0644\u0642\u064a\u062a\u0644\u0643 \u062e\u064a\u0627\u0631 \u0645\u0646\u0627\u0633\u0628 \ud83d\udc47\n\n\u0628\u064a\u062a\u0632\u0627 \u062f\u062c\u0627\u062c \u0643\u0628\u064a\u0631\u0629\n\u0645\u0646 Falcon Pizza House\n\u0627\u0644\u0633\u0639\u0631: 75,000 \u0644.\u0633\n\u0627\u0644\u0645\u0643\u0648\u0646\u0627\u062a: \u062f\u062c\u0627\u062c\u060c \u062c\u0628\u0646\u0629\u060c \u0635\u0644\u0635\u0629\n\n\u0628\u062f\u0643 \u062a\u062e\u062a\u0627\u0631\u0647\u0627\u060c \u0648\u0644\u0627 \u0646\u062f\u0648\u0631 \u0639\u0644\u0649 \u062e\u064a\u0627\u0631 \u062a\u0627\u0646\u064a\u061f', {\"elements\": null, \"quick_replies\": null, \"buttons\": null, \"attachment\": null, \"image\": null, \"custom\": null}, {}, 1784619284.8458061)", "SlotSet(key: selected_index, value: None)", "SlotSet(key: selected_product_id, value: None)", "SlotSet(key: selected_product_name, value: None)", "SlotSet(key: selected_product_details, value: None)", "SlotSet(key: search_results, value: [])", "SlotSet(key: displayed_product_ids, value: [])", "SlotSet(key: result_offset, value: 0)", "SlotSet(key: has_more_results, value: False)", "SlotSet(key: pending_action, value: None)", "SlotSet(key: last_requested_attribute, value: None)", "SlotSet(key: cart_idempotency_key, value: None)", "SlotSet(key: search_results, value: [{'id': 'pza_001', 'product_id': 'pza_001', 'variant_id': None, 'name': '\u0628\u064a\u062a\u0632\u0627 \u062f\u062c\u0627\u062c \u0643\u0628\u064a\u0631\u0629', 'category': None, 'description': None, 'price': 75000, 'currency': 'SYP', 'store_id': None, 'store_name': 'Falcon Pizza House', 'available': True, 'available_sizes': [], 'selected_size': None, 'ingredients': ['\u062f\u062c\u0627\u062c', '\u062c\u0628\u0646\u0629', '\u0635\u0644\u0635\u0629'], 'image_url': None}])", "SlotSet(key: displayed_product_ids, value: ['pza_001'])", "SlotSet(key: result_offset, value: 1)", "SlotSet(key: has_more_results, value: False)", "SlotSet(key: quantity, value: None)", "SlotSet(key: previous_search_filters, value: {'mode': 'search', 'product_name': '', 'food_category': 'pizza', 'size': 'large', 'quantity': 1, 'max_price': None, 'included_ingredients': [], 'excluded_ingredients': ['\u0641\u0637\u0631']})", "SlotSet(key: dialogue_stage, value: awaiting_selection)", "SlotSet(key: awaiting_selection, value: True)", "SlotSet(key: awaiting_quantity, value: False)", "SlotSet(key: awaiting_cart_confirmation, value: False)", "SlotSet(key: last_bot_question, value: \u0627\u0643\u062a\u0628 \u00ab\u0627\u0644\u0623\u0648\u0644\u00bb \u0644\u0627\u062e\u062a\u064a\u0627\u0631\u0647\u060c \u0623\u0648 \u0642\u0644\u0651\u064a \u00ab\u0648\u0631\u062c\u064a\u0646\u064a \u063a\u064a\u0631\u0647\u00bb.)"], "event": "processor.actions.log", "level": "debug"}
2026-07-21 10:34:44 [1;30mDEBUG   [0m [34mrasa.core.processor[0m  - {"slot_values": "\tproduct_name: None\n\tfood_category: pizza\n\tsize: large\n\tquantity: None\n\tmax_price: None\n\tincluded_ingredients: None\n\texcluded_ingredients: ['\u0641\u0637\u0631']\n\tselected_index: None\n\tselected_product_id: None\n\tselected_product_name: None\n\tselected_product_details: None\n\tsearch_results: [{'id': 'pza_001', 'product_id': 'pza_001', 'variant_id': None, 'name': '\u0628\u064a\u062a\u0632\u0627 \u062f\u062c\u0627\u062c \u0643\u0628\u064a\u0631\u0629', 'category': None, 'description': None, 'price': 75000, 'currency': 'SYP', 'store_id': None, 'store_name': 'Falcon Pizza House', 'available': True, 'available_sizes': [], 'selected_size': None, 'ingredients': ['\u062f\u062c\u0627\u062c', '\u062c\u0628\u0646\u0629', '\u0635\u0644\u0635\u0629'], 'image_url': None}]\n\tdisplayed_product_ids: ['pza_001']\n\tresult_offset: 1\n\thas_more_results: False\n\tdialogue_stage: awaiting_selection\n\tawaiting_quantity: False\n\tawaiting_selection: True\n\tawaiting_cart_confirmation: False\n\tpending_action: None\n\tlast_requested_attribute: None\n\tprevious_search_filters: {'mode': 'search', 'product_name': '', 'food_category': 'pizza', 'size': 'large', 'quantity': 1, 'max_price': None, 'included_ingredients': [], 'excluded_ingredients': ['\u0641\u0637\u0631']}\n\tlast_bot_question: \u0627\u0643\u062a\u0628 \u00ab\u0627\u0644\u0623\u0648\u0644\u00bb \u0644\u0627\u062e\u062a\u064a\u0627\u0631\u0647\u060c \u0623\u0648 \u0642\u0644\u0651\u064a \u00ab\u0648\u0631\u062c\u064a\u0646\u064a \u063a\u064a\u0631\u0647\u00bb.\n\tcart_idempotency_key: None\n\tsession_started_metadata: None", "event": "processor.slots.log", "level": "debug"}
2026-07-21 10:34:44 [1;30mDEBUG   [0m [34mrasa.engine.runner.dask[0m  - Running graph with inputs: {'__tracker__': <rasa.shared.core.trackers.DialogueStateTracker object at 0x00000257F23E4D90>}, targets: ['select_prediction'] and ExecutionContext(model_id='aecf59e519724d7085c5203ce38acf11', should_add_diagnostic_data=False, is_finetuning=False, node_name=None).
2026-07-21 10:34:44 [1;30mDEBUG   [0m [34mrasa.engine.graph[0m  - Node 'rule_only_data_provider' running 'RuleOnlyDataProvider.provide'.
2026-07-21 10:34:44 [1;30mDEBUG   [0m [34mrasa.engine.graph[0m  - Node 'domain_provider' running 'DomainProvider.provide_inference'.
2026-07-21 10:34:44 [1;30mDEBUG   [0m [34mrasa.engine.graph[0m  - Node 'run_MemoizationPolicy0' running 'MemoizationPolicy.predict_action_probabilities'.
2026-07-21 10:34:44 [1;30mDEBUG   [0m [34mrasa.core.policies.memoization[0m  - {"tracker_states": [{}, {"user": {"intent": "search_product", "entities": ["excluded_ingredient", "food_category", "size"]}, "prev_action": {"action_name": "action_listen"}}, {"user": {"intent": "search_product", "entities": ["excluded_ingredient", "food_category", "size"]}, "prev_action": {"action_name": "action_search_products"}}], "event": "memoization.predict.actions", "level": "debug"}
2026-07-21 10:34:44 [1;30mDEBUG   [0m [34mrasa.core.policies.memoization[0m  - There is no memorised next action
2026-07-21 10:34:44 [1;30mDEBUG   [0m [34mrasa.engine.graph[0m  - Node 'run_RulePolicy1' running 'RulePolicy.predict_action_probabilities'.
2026-07-21 10:34:44 [1;30mDEBUG   [0m [34mrasa.core.policies.rule_policy[0m  - {"current_states": "\n[state 1] user intent: search_product | user entities: ('excluded_ingredient', 'food_category', 'size') | previous action name: action_listen\n[state 2] user intent: search_product | user entities: ('excluded_ingredient', 'food_category', 'size') | previous action name: action_search_products", "event": "rule_policy.actions.find", "level": "debug"}
2026-07-21 10:34:44 [1;30mDEBUG   [0m [34mrasa.core.policies.rule_policy[0m  - There is a rule for the next action 'action_listen'.
2026-07-21 10:34:44 [1;30mDEBUG   [0m [34mrasa.engine.graph[0m  - Node 'run_TEDPolicy2' running 'TEDPolicy.predict_action_probabilities'.
2026-07-21 10:34:44 [1;30mDEBUG   [0m [34mrasa.core.policies.ted_policy[0m  - TED predicted 'action_listen' based on user intent.
2026-07-21 10:34:44 [1;30mDEBUG   [0m [34mrasa.engine.graph[0m  - Node 'select_prediction' running 'DefaultPolicyPredictionEnsemble.combine_predictions_from_kwargs'.
2026-07-21 10:34:44 [1;30mDEBUG   [0m [34mrasa.core.policies.ensemble[0m  - Predicted next action using RulePolicy.
2026-07-21 10:34:44 [1;30mDEBUG   [0m [34mrasa.core.processor[0m  - Predicted next action 'action_listen' with confidence 1.00.
2026-07-21 10:34:44 [1;30mDEBUG   [0m [34mrasa.core.processor[0m  - {"prediction_events": [], "event": "processor.actions.policy_prediction", "level": "debug"}
2026-07-21 10:34:44 [1;30mDEBUG   [0m [34mrasa.core.processor[0m  - {"action_name": "action_listen", "rasa_events": [], "event": "processor.actions.log", "level": "debug"}
2026-07-21 10:34:44 [1;30mDEBUG   [0m [34mrasa.core.tracker_store[0m  - No event broker configured. Skipping streaming events.
2026-07-21 10:34:44 [1;30mDEBUG   [0m [34mrasa.core.lock_store[0m  - Deleted lock for conversation 'live-runtime-repair'.
2026-07-21 10:34:45 [1;30mDEBUG   [0m [34mrasa.core.tracker_store[0m  - Recreating tracker for id 'live-runtime-repair'
2026-07-21 10:34:45 [1;30mDEBUG   [0m [34mrasa.core.lock_store[0m  - Issuing ticket for conversation 'live-runtime-repair'.
2026-07-21 10:34:45 [1;30mDEBUG   [0m [34mrasa.core.lock_store[0m  - Acquiring lock for conversation 'live-runtime-repair'.
2026-07-21 10:34:45 [1;30mDEBUG   [0m [34mrasa.core.lock_store[0m  - Acquired lock for conversation 'live-runtime-repair'.
2026-07-21 10:34:45 [1;30mDEBUG   [0m [34mrasa.core.tracker_store[0m  - Recreating tracker for id 'live-runtime-repair'
2026-07-21 10:34:45 [1;30mDEBUG   [0m [34mrasa.engine.runner.dask[0m  - Running graph with inputs: {'__message__': [<rasa.core.channels.channel.UserMessage object at 0x00000257F48467A0>], '__tracker__': <rasa.shared.core.trackers.DialogueStateTracker object at 0x00000257F48445B0>}, targets: ['run_RegexMessageHandler'] and ExecutionContext(model_id='aecf59e519724d7085c5203ce38acf11', should_add_diagnostic_data=False, is_finetuning=False, node_name=None).
2026-07-21 10:34:45 [1;30mDEBUG   [0m [34mrasa.engine.graph[0m  - Node 'nlu_message_converter' running 'NLUMessageConverter.convert_user_message'.
2026-07-21 10:34:45 [1;30mDEBUG   [0m [34mrasa.engine.graph[0m  - Node 'run_WhitespaceTokenizer0' running 'WhitespaceTokenizer.process'.
2026-07-21 10:34:45 [1;30mDEBUG   [0m [34mrasa.engine.graph[0m  - Node 'run_RegexFeaturizer1' running 'RegexFeaturizer.process'.
2026-07-21 10:34:45 [1;30mDEBUG   [0m [34mrasa.engine.graph[0m  - Node 'run_LexicalSyntacticFeaturizer2' running 'LexicalSyntacticFeaturizer.process'.
2026-07-21 10:34:45 [1;30mDEBUG   [0m [34mrasa.engine.graph[0m  - Node 'run_CountVectorsFeaturizer3' running 'CountVectorsFeaturizer.process'.
2026-07-21 10:34:45 [1;30mDEBUG   [0m [34mrasa.engine.graph[0m  - Node 'run_CountVectorsFeaturizer4' running 'CountVectorsFeaturizer.process'.
2026-07-21 10:34:45 [1;30mDEBUG   [0m [34mrasa.engine.graph[0m  - Node 'run_DIETClassifier5' running 'DIETClassifier.process'.
2026-07-21 10:34:45 [1;30mDEBUG   [0m [34mrasa.engine.graph[0m  - Node 'run_EntitySynonymMapper6' running 'EntitySynonymMapper.process'.
2026-07-21 10:34:45 [1;30mDEBUG   [0m [34mrasa.engine.graph[0m  - Node 'run_FallbackClassifier7' running 'FallbackClassifier.process'.
2026-07-21 10:34:45 [1;30mDEBUG   [0m [34mrasa.engine.graph[0m  - Node 'domain_provider' running 'DomainProvider.provide_inference'.
2026-07-21 10:34:45 [1;30mDEBUG   [0m [34mrasa.engine.graph[0m  - Node 'run_RegexMessageHandler' running 'RegexMessageHandler.process'.
2026-07-21 10:34:45 [1;30mDEBUG   [0m [34mrasa.core.processor[0m  - {"parse_data_text": "\u0627\u0644\u0623\u0648\u0644", "parse_data_intent": {"name": "select_product", "confidence": 1.0}, "parse_data_entities": [{"entity": "selected_index", "start": 0, "end": 5, "confidence_entity": 0.9991528987884521, "value": "\u0627\u0644\u0623\u0648\u0644", "extractor": "DIETClassifier", "processors": ["EntitySynonymMapper"]}], "event": "processor.message.parse", "level": "debug"}
2026-07-21 10:34:45 [1;30mDEBUG   [0m [34mrasa.core.processor[0m  - {"slot_values": "\tproduct_name: None\n\tfood_category: pizza\n\tsize: large\n\tquantity: None\n\tmax_price: None\n\tincluded_ingredients: None\n\texcluded_ingredients: ['\u0641\u0637\u0631']\n\tselected_index: None\n\tselected_product_id: None\n\tselected_product_name: None\n\tselected_product_details: None\n\tsearch_results: [{'id': 'pza_001', 'product_id': 'pza_001', 'variant_id': None, 'name': '\u0628\u064a\u062a\u0632\u0627 \u062f\u062c\u0627\u062c \u0643\u0628\u064a\u0631\u0629', 'category': None, 'description': None, 'price': 75000, 'currency': 'SYP', 'store_id': None, 'store_name': 'Falcon Pizza House', 'available': True, 'available_sizes': [], 'selected_size': None, 'ingredients': ['\u062f\u062c\u0627\u062c', '\u062c\u0628\u0646\u0629', '\u0635\u0644\u0635\u0629'], 'image_url': None}]\n\tdisplayed_product_ids: ['pza_001']\n\tresult_offset: 1\n\thas_more_results: False\n\tdialogue_stage: awaiting_selection\n\tawaiting_quantity: False\n\tawaiting_selection: True\n\tawaiting_cart_confirmation: False\n\tpending_action: None\n\tlast_requested_attribute: None\n\tprevious_search_filters: {'mode': 'search', 'product_name': '', 'food_category': 'pizza', 'size': 'large', 'quantity': 1, 'max_price': None, 'included_ingredients': [], 'excluded_ingredients': ['\u0641\u0637\u0631']}\n\tlast_bot_question: \u0627\u0643\u062a\u0628 \u00ab\u0627\u0644\u0623\u0648\u0644\u00bb \u0644\u0627\u062e\u062a\u064a\u0627\u0631\u0647\u060c \u0623\u0648 \u0642\u0644\u0651\u064a \u00ab\u0648\u0631\u062c\u064a\u0646\u064a \u063a\u064a\u0631\u0647\u00bb.\n\tcart_idempotency_key: None\n\tsession_started_metadata: None", "event": "processor.slots.log", "level": "debug"}
2026-07-21 10:34:45 [1;30mDEBUG   [0m [34mrasa.core.processor[0m  - Logged UserUtterance - tracker now has 34 events.
2026-07-21 10:34:45 [1;30mDEBUG   [0m [34mrasa.core.actions.action[0m  - Validating extracted slots: selected_index
2026-07-21 10:34:45 [1;30mDEBUG   [0m [34mrasa.core.processor[0m  - {"action_extract_slot": "action_extract_slots", "len_extraction_events": 1, "rasa_events": ["SlotSet(key: selected_index, value: \u0627\u0644\u0623\u0648\u0644)"], "event": "processor.extract.slots", "level": "debug"}
2026-07-21 10:34:45 [1;30mDEBUG   [0m [34mrasa.engine.runner.dask[0m  - Running graph with inputs: {'__tracker__': <rasa.shared.core.trackers.DialogueStateTracker object at 0x00000257F48445B0>}, targets: ['select_prediction'] and ExecutionContext(model_id='aecf59e519724d7085c5203ce38acf11', should_add_diagnostic_data=False, is_finetuning=False, node_name=None).
2026-07-21 10:34:45 [1;30mDEBUG   [0m [34mrasa.engine.graph[0m  - Node 'rule_only_data_provider' running 'RuleOnlyDataProvider.provide'.
2026-07-21 10:34:45 [1;30mDEBUG   [0m [34mrasa.engine.graph[0m  - Node 'domain_provider' running 'DomainProvider.provide_inference'.
2026-07-21 10:34:45 [1;30mDEBUG   [0m [34mrasa.engine.graph[0m  - Node 'run_MemoizationPolicy0' running 'MemoizationPolicy.predict_action_probabilities'.
2026-07-21 10:34:45 [1;30mDEBUG   [0m [34mrasa.core.policies.memoization[0m  - {"tracker_states": [{}, {"user": {"intent": "search_product", "entities": ["excluded_ingredient", "food_category", "size"]}, "prev_action": {"action_name": "action_listen"}}, {"user": {"intent": "search_product", "entities": ["excluded_ingredient", "food_category", "size"]}, "prev_action": {"action_name": "action_search_products"}}, {"user": {"intent": "select_product", "entities": ["selected_index"]}, "prev_action": {"action_name": "action_listen"}}], "event": "memoization.predict.actions", "level": "debug"}
2026-07-21 10:34:45 [1;30mDEBUG   [0m [34mrasa.core.policies.memoization[0m  - There is no memorised next action
2026-07-21 10:34:45 [1;30mDEBUG   [0m [34mrasa.engine.graph[0m  - Node 'run_RulePolicy1' running 'RulePolicy.predict_action_probabilities'.
2026-07-21 10:34:45 [1;30mDEBUG   [0m [34mrasa.core.policies.rule_policy[0m  - {"current_states": "\n[state 1] user intent: search_product | user entities: ('excluded_ingredient', 'food_category', 'size') | previous action name: action_listen\n[state 2] user intent: search_product | user entities: ('excluded_ingredient', 'food_category', 'size') | previous action name: action_search_products\n[state 3] user text: \u0627\u0644\u0623\u0648\u0644 | previous action name: action_listen", "event": "rule_policy.actions.find", "level": "debug"}
2026-07-21 10:34:45 [1;30mDEBUG   [0m [34mrasa.core.policies.rule_policy[0m  - There is no applicable rule.
2026-07-21 10:34:45 [1;30mDEBUG   [0m [34mrasa.core.policies.rule_policy[0m  - {"current_states": "\n[state 1] user intent: search_product | user entities: ('excluded_ingredient', 'food_category', 'size') | previous action name: action_listen\n[state 2] user intent: search_product | user entities: ('excluded_ingredient', 'food_category', 'size') | previous action name: action_search_products\n[state 3] user intent: select_product | user entities: ('selected_index',) | previous action name: action_listen", "event": "rule_policy.actions.find", "level": "debug"}
2026-07-21 10:34:45 [1;30mDEBUG   [0m [34mrasa.core.policies.rule_policy[0m  - There is a rule for the next action 'action_resolve_product_selection'.
2026-07-21 10:34:45 [1;30mDEBUG   [0m [34mrasa.engine.graph[0m  - Node 'run_TEDPolicy2' running 'TEDPolicy.predict_action_probabilities'.
2026-07-21 10:34:45 [1;30mDEBUG   [0m [34mrasa.core.policies.ted_policy[0m  - TED predicted 'action_resolve_product_selection' based on user intent.
2026-07-21 10:34:45 [1;30mDEBUG   [0m [34mrasa.engine.graph[0m  - Node 'select_prediction' running 'DefaultPolicyPredictionEnsemble.combine_predictions_from_kwargs'.
2026-07-21 10:34:45 [1;30mDEBUG   [0m [34mrasa.core.policies.ensemble[0m  - Made prediction using user intent.
2026-07-21 10:34:45 [1;30mDEBUG   [0m [34mrasa.core.policies.ensemble[0m  - Added `DefinePrevUserUtteredFeaturization(False)` event.
2026-07-21 10:34:45 [1;30mDEBUG   [0m [34mrasa.core.policies.ensemble[0m  - Predicted next action using RulePolicy.
2026-07-21 10:34:45 [1;30mDEBUG   [0m [34mrasa.core.processor[0m  - Predicted next action 'action_resolve_product_selection' with confidence 1.00.
2026-07-21 10:34:45 [1;30mDEBUG   [0m [34mrasa.core.actions.action[0m  - Calling action endpoint to run action 'action_resolve_product_selection'.
2026-07-21 10:34:45 [1;30mDEBUG   [0m [34mrasa.core.processor[0m  - {"prediction_events": ["<rasa.shared.core.events.DefinePrevUserUtteredFeaturization object at 0x00000257F23E6BF0>"], "event": "processor.actions.policy_prediction", "level": "debug"}
2026-07-21 10:34:45 [1;30mDEBUG   [0m [34mrasa.core.processor[0m  - {"action_name": "action_resolve_product_selection", "rasa_events": ["BotUttered('\u062a\u0645\u0627\u0645\u060c \u0627\u062e\u062a\u0631\u062a \u0628\u064a\u062a\u0632\u0627 \u062f\u062c\u0627\u062c \u0643\u0628\u064a\u0631\u0629 \ud83d\udc4c\n\u0642\u062f\u064a\u0634 \u0628\u062f\u0643 \u0645\u0646\u0647\u0627\u061f', {\"elements\": null, \"quick_replies\": null, \"buttons\": null, \"attachment\": null, \"image\": null, \"custom\": null}, {}, 1784619285.6238215)", "SlotSet(key: selected_index, value: 1)", "SlotSet(key: selected_product_id, value: pza_001)", "SlotSet(key: selected_product_name, value: \u0628\u064a\u062a\u0632\u0627 \u062f\u062c\u0627\u062c \u0643\u0628\u064a\u0631\u0629)", "SlotSet(key: selected_product_details, value: {'id': 'pza_001', 'product_id': 'pza_001', 'variant_id': None, 'name': '\u0628\u064a\u062a\u0632\u0627 \u062f\u062c\u0627\u062c \u0643\u0628\u064a\u0631\u0629', 'category': None, 'description': None, 'price': 75000, 'currency': 'SYP', 'store_id': None, 'store_name': 'Falcon Pizza House', 'available': True, 'available_sizes': [], 'selected_size': None, 'ingredients': ['\u062f\u062c\u0627\u062c', '\u062c\u0628\u0646\u0629', '\u0635\u0644\u0635\u0629'], 'image_url': None})", "SlotSet(key: pending_action, value: {'type': 'add_to_cart', 'status': 'collect_quantity', 'product_id': 'pza_001', 'product_name': '\u0628\u064a\u062a\u0632\u0627 \u062f\u062c\u0627\u062c \u0643\u0628\u064a\u0631\u0629'})", "SlotSet(key: dialogue_stage, value: awaiting_quantity)", "SlotSet(key: awaiting_selection, value: False)", "SlotSet(key: awaiting_quantity, value: True)", "SlotSet(key: awaiting_cart_confirmation, value: False)", "SlotSet(key: last_bot_question, value: \u0642\u062f\u064a\u0634 \u0628\u062f\u0643 \u0645\u0646\u0647\u0627\u061f)"], "event": "processor.actions.log", "level": "debug"}
2026-07-21 10:34:45 [1;30mDEBUG   [0m [34mrasa.core.processor[0m  - {"slot_values": "\tproduct_name: None\n\tfood_category: pizza\n\tsize: large\n\tquantity: None\n\tmax_price: None\n\tincluded_ingredients: None\n\texcluded_ingredients: ['\u0641\u0637\u0631']\n\tselected_index: 1\n\tselected_product_id: pza_001\n\tselected_product_name: \u0628\u064a\u062a\u0632\u0627 \u062f\u062c\u0627\u062c \u0643\u0628\u064a\u0631\u0629\n\tselected_product_details: {'id': 'pza_001', 'product_id': 'pza_001', 'variant_id': None, 'name': '\u0628\u064a\u062a\u0632\u0627 \u062f\u062c\u0627\u062c \u0643\u0628\u064a\u0631\u0629', 'category': None, 'description': None, 'price': 75000, 'currency': 'SYP', 'store_id': None, 'store_name': 'Falcon Pizza House', 'available': True, 'available_sizes': [], 'selected_size': None, 'ingredients': ['\u062f\u062c\u0627\u062c', '\u062c\u0628\u0646\u0629', '\u0635\u0644\u0635\u0629'], 'image_url': None}\n\tsearch_results: [{'id': 'pza_001', 'product_id': 'pza_001', 'variant_id': None, 'name': '\u0628\u064a\u062a\u0632\u0627 \u062f\u062c\u0627\u062c \u0643\u0628\u064a\u0631\u0629', 'category': None, 'description': None, 'price': 75000, 'currency': 'SYP', 'store_id': None, 'store_name': 'Falcon Pizza House', 'available': True, 'available_sizes': [], 'selected_size': None, 'ingredients': ['\u062f\u062c\u0627\u062c', '\u062c\u0628\u0646\u0629', '\u0635\u0644\u0635\u0629'], 'image_url': None}]\n\tdisplayed_product_ids: ['pza_001']\n\tresult_offset: 1\n\thas_more_results: False\n\tdialogue_stage: awaiting_quantity\n\tawaiting_quantity: True\n\tawaiting_selection: False\n\tawaiting_cart_confirmation: False\n\tpending_action: {'type': 'add_to_cart', 'status': 'collect_quantity', 'product_id': 'pza_001', 'product_name': '\u0628\u064a\u062a\u0632\u0627 \u062f\u062c\u0627\u062c \u0643\u0628\u064a\u0631\u0629'}\n\tlast_requested_attribute: None\n\tprevious_search_filters: {'mode': 'search', 'product_name': '', 'food_category': 'pizza', 'size': 'large', 'quantity': 1, 'max_price': None, 'included_ingredients': [], 'excluded_ingredients': ['\u0641\u0637\u0631']}\n\tlast_bot_question: \u0642\u062f\u064a\u0634 \u0628\u062f\u0643 \u0645\u0646\u0647\u0627\u061f\n\tcart_idempotency_key: None\n\tsession_started_metadata: None", "event": "processor.slots.log", "level": "debug"}
2026-07-21 10:34:45 [1;30mDEBUG   [0m [34mrasa.engine.runner.dask[0m  - Running graph with inputs: {'__tracker__': <rasa.shared.core.trackers.DialogueStateTracker object at 0x00000257F48445B0>}, targets: ['select_prediction'] and ExecutionContext(model_id='aecf59e519724d7085c5203ce38acf11', should_add_diagnostic_data=False, is_finetuning=False, node_name=None).
2026-07-21 10:34:45 [1;30mDEBUG   [0m [34mrasa.engine.graph[0m  - Node 'rule_only_data_provider' running 'RuleOnlyDataProvider.provide'.
2026-07-21 10:34:45 [1;30mDEBUG   [0m [34mrasa.engine.graph[0m  - Node 'domain_provider' running 'DomainProvider.provide_inference'.
2026-07-21 10:34:45 [1;30mDEBUG   [0m [34mrasa.engine.graph[0m  - Node 'run_MemoizationPolicy0' running 'MemoizationPolicy.predict_action_probabilities'.
2026-07-21 10:34:45 [1;30mDEBUG   [0m [34mrasa.core.policies.memoization[0m  - {"tracker_states": [{}, {"user": {"intent": "search_product", "entities": ["excluded_ingredient", "food_category", "size"]}, "prev_action": {"action_name": "action_listen"}}, {"user": {"intent": "search_product", "entities": ["excluded_ingredient", "food_category", "size"]}, "prev_action": {"action_name": "action_search_products"}}, {"user": {"intent": "select_product", "entities": ["selected_index"]}, "prev_action": {"action_name": "action_listen"}}, {"user": {"intent": "select_product", "entities": ["selected_index"]}, "prev_action": {"action_name": "action_resolve_product_selection"}}], "event": "memoization.predict.actions", "level": "debug"}
2026-07-21 10:34:45 [1;30mDEBUG   [0m [34mrasa.core.policies.memoization[0m  - There is no memorised next action
2026-07-21 10:34:45 [1;30mDEBUG   [0m [34mrasa.engine.graph[0m  - Node 'run_RulePolicy1' running 'RulePolicy.predict_action_probabilities'.
2026-07-21 10:34:45 [1;30mDEBUG   [0m [34mrasa.core.policies.rule_policy[0m  - {"current_states": "\n[state 1] user intent: search_product | user entities: ('excluded_ingredient', 'food_category', 'size') | previous action name: action_listen\n[state 2] user intent: search_product | user entities: ('excluded_ingredient', 'food_category', 'size') | previous action name: action_search_products\n[state 3] user intent: select_product | user entities: ('selected_index',) | previous action name: action_listen\n[state 4] user intent: select_product | user entities: ('selected_index',) | previous action name: action_resolve_product_selection", "event": "rule_policy.actions.find", "level": "debug"}
2026-07-21 10:34:45 [1;30mDEBUG   [0m [34mrasa.core.policies.rule_policy[0m  - There is a rule for the next action 'action_listen'.
2026-07-21 10:34:45 [1;30mDEBUG   [0m [34mrasa.engine.graph[0m  - Node 'run_TEDPolicy2' running 'TEDPolicy.predict_action_probabilities'.
2026-07-21 10:34:45 [1;30mDEBUG   [0m [34mrasa.core.policies.ted_policy[0m  - TED predicted 'action_listen' based on user intent.
2026-07-21 10:34:45 [1;30mDEBUG   [0m [34mrasa.engine.graph[0m  - Node 'select_prediction' running 'DefaultPolicyPredictionEnsemble.combine_predictions_from_kwargs'.
2026-07-21 10:34:45 [1;30mDEBUG   [0m [34mrasa.core.policies.ensemble[0m  - Predicted next action using RulePolicy.
2026-07-21 10:34:45 [1;30mDEBUG   [0m [34mrasa.core.processor[0m  - Predicted next action 'action_listen' with confidence 1.00.
2026-07-21 10:34:45 [1;30mDEBUG   [0m [34mrasa.core.processor[0m  - {"prediction_events": [], "event": "processor.actions.policy_prediction", "level": "debug"}
2026-07-21 10:34:45 [1;30mDEBUG   [0m [34mrasa.core.processor[0m  - {"action_name": "action_listen", "rasa_events": [], "event": "processor.actions.log", "level": "debug"}
2026-07-21 10:34:45 [1;30mDEBUG   [0m [34mrasa.core.tracker_store[0m  - No event broker configured. Skipping streaming events.
2026-07-21 10:34:45 [1;30mDEBUG   [0m [34mrasa.core.lock_store[0m  - Deleted lock for conversation 'live-runtime-repair'.
2026-07-21 10:34:46 [1;30mDEBUG   [0m [34mrasa.core.tracker_store[0m  - Recreating tracker for id 'live-runtime-repair'
2026-07-21 10:34:46 [1;30mDEBUG   [0m [34mrasa.core.lock_store[0m  - Issuing ticket for conversation 'live-runtime-repair'.
2026-07-21 10:34:46 [1;30mDEBUG   [0m [34mrasa.core.lock_store[0m  - Acquiring lock for conversation 'live-runtime-repair'.
2026-07-21 10:34:46 [1;30mDEBUG   [0m [34mrasa.core.lock_store[0m  - Acquired lock for conversation 'live-runtime-repair'.
2026-07-21 10:34:46 [1;30mDEBUG   [0m [34mrasa.core.tracker_store[0m  - Recreating tracker for id 'live-runtime-repair'
2026-07-21 10:34:46 [1;30mDEBUG   [0m [34mrasa.engine.runner.dask[0m  - Running graph with inputs: {'__message__': [<rasa.core.channels.channel.UserMessage object at 0x00000257F4844A90>], '__tracker__': <rasa.shared.core.trackers.DialogueStateTracker object at 0x00000257F4847580>}, targets: ['run_RegexMessageHandler'] and ExecutionContext(model_id='aecf59e519724d7085c5203ce38acf11', should_add_diagnostic_data=False, is_finetuning=False, node_name=None).
2026-07-21 10:34:46 [1;30mDEBUG   [0m [34mrasa.engine.graph[0m  - Node 'nlu_message_converter' running 'NLUMessageConverter.convert_user_message'.
2026-07-21 10:34:46 [1;30mDEBUG   [0m [34mrasa.engine.graph[0m  - Node 'run_WhitespaceTokenizer0' running 'WhitespaceTokenizer.process'.
2026-07-21 10:34:46 [1;30mDEBUG   [0m [34mrasa.engine.graph[0m  - Node 'run_RegexFeaturizer1' running 'RegexFeaturizer.process'.
2026-07-21 10:34:46 [1;30mDEBUG   [0m [34mrasa.engine.graph[0m  - Node 'run_LexicalSyntacticFeaturizer2' running 'LexicalSyntacticFeaturizer.process'.
2026-07-21 10:34:46 [1;30mDEBUG   [0m [34mrasa.engine.graph[0m  - Node 'run_CountVectorsFeaturizer3' running 'CountVectorsFeaturizer.process'.
2026-07-21 10:34:46 [1;30mDEBUG   [0m [34mrasa.engine.graph[0m  - Node 'run_CountVectorsFeaturizer4' running 'CountVectorsFeaturizer.process'.
2026-07-21 10:34:46 [1;30mDEBUG   [0m [34mrasa.engine.graph[0m  - Node 'run_DIETClassifier5' running 'DIETClassifier.process'.
2026-07-21 10:34:46 [1;30mDEBUG   [0m [34mrasa.engine.graph[0m  - Node 'run_EntitySynonymMapper6' running 'EntitySynonymMapper.process'.
2026-07-21 10:34:46 [1;30mDEBUG   [0m [34mrasa.engine.graph[0m  - Node 'run_FallbackClassifier7' running 'FallbackClassifier.process'.
2026-07-21 10:34:46 [1;30mDEBUG   [0m [34mrasa.engine.graph[0m  - Node 'domain_provider' running 'DomainProvider.provide_inference'.
2026-07-21 10:34:46 [1;30mDEBUG   [0m [34mrasa.engine.graph[0m  - Node 'run_RegexMessageHandler' running 'RegexMessageHandler.process'.
2026-07-21 10:34:46 [1;30mDEBUG   [0m [34mrasa.core.processor[0m  - {"parse_data_text": "2", "parse_data_intent": {"name": "select_product", "confidence": 1.0}, "parse_data_entities": [{"entity": "selected_index", "start": 0, "end": 1, "confidence_entity": 0.9994679093360901, "value": "2", "extractor": "DIETClassifier", "processors": ["EntitySynonymMapper"]}], "event": "processor.message.parse", "level": "debug"}
2026-07-21 10:34:46 [1;30mDEBUG   [0m [34mrasa.core.processor[0m  - {"slot_values": "\tproduct_name: None\n\tfood_category: pizza\n\tsize: large\n\tquantity: None\n\tmax_price: None\n\tincluded_ingredients: None\n\texcluded_ingredients: ['\u0641\u0637\u0631']\n\tselected_index: 1\n\tselected_product_id: pza_001\n\tselected_product_name: \u0628\u064a\u062a\u0632\u0627 \u062f\u062c\u0627\u062c \u0643\u0628\u064a\u0631\u0629\n\tselected_product_details: {'id': 'pza_001', 'product_id': 'pza_001', 'variant_id': None, 'name': '\u0628\u064a\u062a\u0632\u0627 \u062f\u062c\u0627\u062c \u0643\u0628\u064a\u0631\u0629', 'category': None, 'description': None, 'price': 75000, 'currency': 'SYP', 'store_id': None, 'store_name': 'Falcon Pizza House', 'available': True, 'available_sizes': [], 'selected_size': None, 'ingredients': ['\u062f\u062c\u0627\u062c', '\u062c\u0628\u0646\u0629', '\u0635\u0644\u0635\u0629'], 'image_url': None}\n\tsearch_results: [{'id': 'pza_001', 'product_id': 'pza_001', 'variant_id': None, 'name': '\u0628\u064a\u062a\u0632\u0627 \u062f\u062c\u0627\u062c \u0643\u0628\u064a\u0631\u0629', 'category': None, 'description': None, 'price': 75000, 'currency': 'SYP', 'store_id': None, 'store_name': 'Falcon Pizza House', 'available': True, 'available_sizes': [], 'selected_size': None, 'ingredients': ['\u062f\u062c\u0627\u062c', '\u062c\u0628\u0646\u0629', '\u0635\u0644\u0635\u0629'], 'image_url': None}]\n\tdisplayed_product_ids: ['pza_001']\n\tresult_offset: 1\n\thas_more_results: False\n\tdialogue_stage: awaiting_quantity\n\tawaiting_quantity: True\n\tawaiting_selection: False\n\tawaiting_cart_confirmation: False\n\tpending_action: {'type': 'add_to_cart', 'status': 'collect_quantity', 'product_id': 'pza_001', 'product_name': '\u0628\u064a\u062a\u0632\u0627 \u062f\u062c\u0627\u062c \u0643\u0628\u064a\u0631\u0629'}\n\tlast_requested_attribute: None\n\tprevious_search_filters: {'mode': 'search', 'product_name': '', 'food_category': 'pizza', 'size': 'large', 'quantity': 1, 'max_price': None, 'included_ingredients': [], 'excluded_ingredients': ['\u0641\u0637\u0631']}\n\tlast_bot_question: \u0642\u062f\u064a\u0634 \u0628\u062f\u0643 \u0645\u0646\u0647\u0627\u061f\n\tcart_idempotency_key: None\n\tsession_started_metadata: None", "event": "processor.slots.log", "level": "debug"}
2026-07-21 10:34:46 [1;30mDEBUG   [0m [34mrasa.core.processor[0m  - Logged UserUtterance - tracker now has 50 events.
2026-07-21 10:34:46 [1;30mDEBUG   [0m [34mrasa.core.actions.action[0m  - Validating extracted slots: selected_index
2026-07-21 10:34:46 [1;30mDEBUG   [0m [34mrasa.core.processor[0m  - {"action_extract_slot": "action_extract_slots", "len_extraction_events": 1, "rasa_events": ["SlotSet(key: selected_index, value: 2)"], "event": "processor.extract.slots", "level": "debug"}
2026-07-21 10:34:46 [1;30mDEBUG   [0m [34mrasa.engine.runner.dask[0m  - Running graph with inputs: {'__tracker__': <rasa.shared.core.trackers.DialogueStateTracker object at 0x00000257F4847580>}, targets: ['select_prediction'] and ExecutionContext(model_id='aecf59e519724d7085c5203ce38acf11', should_add_diagnostic_data=False, is_finetuning=False, node_name=None).
2026-07-21 10:34:46 [1;30mDEBUG   [0m [34mrasa.engine.graph[0m  - Node 'rule_only_data_provider' running 'RuleOnlyDataProvider.provide'.
2026-07-21 10:34:46 [1;30mDEBUG   [0m [34mrasa.engine.graph[0m  - Node 'domain_provider' running 'DomainProvider.provide_inference'.
2026-07-21 10:34:46 [1;30mDEBUG   [0m [34mrasa.engine.graph[0m  - Node 'run_MemoizationPolicy0' running 'MemoizationPolicy.predict_action_probabilities'.
2026-07-21 10:34:46 [1;30mDEBUG   [0m [34mrasa.core.policies.memoization[0m  - {"tracker_states": [{}, {"user": {"intent": "search_product", "entities": ["excluded_ingredient", "food_category", "size"]}, "prev_action": {"action_name": "action_listen"}}, {"user": {"intent": "search_product", "entities": ["excluded_ingredient", "food_category", "size"]}, "prev_action": {"action_name": "action_search_products"}}, {"user": {"intent": "select_product", "entities": ["selected_index"]}, "prev_action": {"action_name": "action_listen"}}, {"user": {"intent": "select_product", "entities": ["selected_index"]}, "prev_action": {"action_name": "action_resolve_product_selection"}}, {"user": {"intent": "select_product", "entities": ["selected_index"]}, "prev_action": {"action_name": "action_listen"}}], "event": "memoization.predict.actions", "level": "debug"}
2026-07-21 10:34:46 [1;30mDEBUG   [0m [34mrasa.core.policies.memoization[0m  - There is no memorised next action
2026-07-21 10:34:46 [1;30mDEBUG   [0m [34mrasa.engine.graph[0m  - Node 'run_RulePolicy1' running 'RulePolicy.predict_action_probabilities'.
2026-07-21 10:34:46 [1;30mDEBUG   [0m [34mrasa.core.policies.rule_policy[0m  - {"current_states": "\n[state 1] user intent: search_product | user entities: ('excluded_ingredient', 'food_category', 'size') | previous action name: action_listen\n[state 2] user intent: search_product | user entities: ('excluded_ingredient', 'food_category', 'size') | previous action name: action_search_products\n[state 3] user intent: select_product | user entities: ('selected_index',) | previous action name: action_listen\n[state 4] user intent: select_product | user entities: ('selected_index',) | previous action name: action_resolve_product_selection\n[state 5] user text: 2 | previous action name: action_listen", "event": "rule_policy.actions.find", "level": "debug"}
2026-07-21 10:34:46 [1;30mDEBUG   [0m [34mrasa.core.policies.rule_policy[0m  - There is no applicable rule.
2026-07-21 10:34:46 [1;30mDEBUG   [0m [34mrasa.core.policies.rule_policy[0m  - {"current_states": "\n[state 1] user intent: search_product | user entities: ('excluded_ingredient', 'food_category', 'size') | previous action name: action_listen\n[state 2] user intent: search_product | user entities: ('excluded_ingredient', 'food_category', 'size') | previous action name: action_search_products\n[state 3] user intent: select_product | user entities: ('selected_index',) | previous action name: action_listen\n[state 4] user intent: select_product | user entities: ('selected_index',) | previous action name: action_resolve_product_selection\n[state 5] user intent: select_product | user entities: ('selected_index',) | previous action name: action_listen", "event": "rule_policy.actions.find", "level": "debug"}
2026-07-21 10:34:46 [1;30mDEBUG   [0m [34mrasa.core.policies.rule_policy[0m  - There is a rule for the next action 'action_resolve_product_selection'.
2026-07-21 10:34:46 [1;30mDEBUG   [0m [34mrasa.engine.graph[0m  - Node 'run_TEDPolicy2' running 'TEDPolicy.predict_action_probabilities'.
2026-07-21 10:34:46 [1;30mDEBUG   [0m [34mrasa.core.policies.ted_policy[0m  - TED predicted 'action_resolve_product_selection' based on user intent.
2026-07-21 10:34:46 [1;30mDEBUG   [0m [34mrasa.engine.graph[0m  - Node 'select_prediction' running 'DefaultPolicyPredictionEnsemble.combine_predictions_from_kwargs'.
2026-07-21 10:34:46 [1;30mDEBUG   [0m [34mrasa.core.policies.ensemble[0m  - Made prediction using user intent.
2026-07-21 10:34:46 [1;30mDEBUG   [0m [34mrasa.core.policies.ensemble[0m  - Added `DefinePrevUserUtteredFeaturization(False)` event.
2026-07-21 10:34:46 [1;30mDEBUG   [0m [34mrasa.core.policies.ensemble[0m  - Predicted next action using RulePolicy.
2026-07-21 10:34:46 [1;30mDEBUG   [0m [34mrasa.core.processor[0m  - Predicted next action 'action_resolve_product_selection' with confidence 1.00.
2026-07-21 10:34:46 [1;30mDEBUG   [0m [34mrasa.core.actions.action[0m  - Calling action endpoint to run action 'action_resolve_product_selection'.
2026-07-21 10:34:46 [1;30mDEBUG   [0m [34mrasa.core.processor[0m  - {"prediction_events": ["<rasa.shared.core.events.DefinePrevUserUtteredFeaturization object at 0x00000257F23E4820>"], "event": "processor.actions.policy_prediction", "level": "debug"}
2026-07-21 10:34:46 [1;30mDEBUG   [0m [34mrasa.core.processor[0m  - {"action_name": "action_resolve_product_selection", "rasa_events": ["BotUttered('\u062a\u0645\u0627\u0645\u060c \u0637\u0644\u0628\u0643 \u0627\u0644\u062a\u062c\u0631\u064a\u0628\u064a:\n\u0628\u064a\u062a\u0632\u0627 \u062f\u062c\u0627\u062c \u0643\u0628\u064a\u0631\u0629\n\u0627\u0644\u0643\u0645\u064a\u0629: 2\n\u0627\u0644\u0645\u062c\u0645\u0648\u0639 \u0627\u0644\u062a\u0642\u0631\u064a\u0628\u064a: 150,000 \u0644.\u0633\n\n\u0623\u0636\u064a\u0641\u0647\u0627 \u0625\u0644\u0649 \u0627\u0644\u0633\u0644\u0629 \u0627\u0644\u062a\u062c\u0631\u064a\u0628\u064a\u0629\u061f', {\"elements\": null, \"quick_replies\": null, \"buttons\": null, \"attachment\": null, \"image\": null, \"custom\": null}, {}, 1784619286.2989507)", "SlotSet(key: quantity, value: 2)", "SlotSet(key: pending_action, value: {'type': 'add_to_cart', 'status': 'confirm_cart', 'product_id': 'pza_001', 'product_name': '\u0628\u064a\u062a\u0632\u0627 \u062f\u062c\u0627\u062c \u0643\u0628\u064a\u0631\u0629', 'quantity': 2})", "SlotSet(key: dialogue_stage, value: awaiting_cart_confirmation)", "SlotSet(key: awaiting_selection, value: False)", "SlotSet(key: awaiting_quantity, value: False)", "SlotSet(key: awaiting_cart_confirmation, value: True)", "SlotSet(key: last_bot_question, value: \u0623\u0636\u064a\u0641\u0647\u0627 \u0625\u0644\u0649 \u0627\u0644\u0633\u0644\u0629 \u0627\u0644\u062a\u062c\u0631\u064a\u0628\u064a\u0629\u061f)"], "event": "processor.actions.log", "level": "debug"}
2026-07-21 10:34:46 [1;30mDEBUG   [0m [34mrasa.core.processor[0m  - {"slot_values": "\tproduct_name: None\n\tfood_category: pizza\n\tsize: large\n\tquantity: 2\n\tmax_price: None\n\tincluded_ingredients: None\n\texcluded_ingredients: ['\u0641\u0637\u0631']\n\tselected_index: 2\n\tselected_product_id: pza_001\n\tselected_product_name: \u0628\u064a\u062a\u0632\u0627 \u062f\u062c\u0627\u062c \u0643\u0628\u064a\u0631\u0629\n\tselected_product_details: {'id': 'pza_001', 'product_id': 'pza_001', 'variant_id': None, 'name': '\u0628\u064a\u062a\u0632\u0627 \u062f\u062c\u0627\u062c \u0643\u0628\u064a\u0631\u0629', 'category': None, 'description': None, 'price': 75000, 'currency': 'SYP', 'store_id': None, 'store_name': 'Falcon Pizza House', 'available': True, 'available_sizes': [], 'selected_size': None, 'ingredients': ['\u062f\u062c\u0627\u062c', '\u062c\u0628\u0646\u0629', '\u0635\u0644\u0635\u0629'], 'image_url': None}\n\tsearch_results: [{'id': 'pza_001', 'product_id': 'pza_001', 'variant_id': None, 'name': '\u0628\u064a\u062a\u0632\u0627 \u062f\u062c\u0627\u062c \u0643\u0628\u064a\u0631\u0629', 'category': None, 'description': None, 'price': 75000, 'currency': 'SYP', 'store_id': None, 'store_name': 'Falcon Pizza House', 'available': True, 'available_sizes': [], 'selected_size': None, 'ingredients': ['\u062f\u062c\u0627\u062c', '\u062c\u0628\u0646\u0629', '\u0635\u0644\u0635\u0629'], 'image_url': None}]\n\tdisplayed_product_ids: ['pza_001']\n\tresult_offset: 1\n\thas_more_results: False\n\tdialogue_stage: awaiting_cart_confirmation\n\tawaiting_quantity: False\n\tawaiting_selection: False\n\tawaiting_cart_confirmation: True\n\tpending_action: {'type': 'add_to_cart', 'status': 'confirm_cart', 'product_id': 'pza_001', 'product_name': '\u0628\u064a\u062a\u0632\u0627 \u062f\u062c\u0627\u062c \u0643\u0628\u064a\u0631\u0629', 'quantity': 2}\n\tlast_requested_attribute: None\n\tprevious_search_filters: {'mode': 'search', 'product_name': '', 'food_category': 'pizza', 'size': 'large', 'quantity': 1, 'max_price': None, 'included_ingredients': [], 'excluded_ingredients': ['\u0641\u0637\u0631']}\n\tlast_bot_question: \u0623\u0636\u064a\u0641\u0647\u0627 \u0625\u0644\u0649 \u0627\u0644\u0633\u0644\u0629 \u0627\u0644\u062a\u062c\u0631\u064a\u0628\u064a\u0629\u061f\n\tcart_idempotency_key: None\n\tsession_started_metadata: None", "event": "processor.slots.log", "level": "debug"}
2026-07-21 10:34:46 [1;30mDEBUG   [0m [34mrasa.engine.runner.dask[0m  - Running graph with inputs: {'__tracker__': <rasa.shared.core.trackers.DialogueStateTracker object at 0x00000257F4847580>}, targets: ['select_prediction'] and ExecutionContext(model_id='aecf59e519724d7085c5203ce38acf11', should_add_diagnostic_data=False, is_finetuning=False, node_name=None).
2026-07-21 10:34:46 [1;30mDEBUG   [0m [34mrasa.engine.graph[0m  - Node 'rule_only_data_provider' running 'RuleOnlyDataProvider.provide'.
2026-07-21 10:34:46 [1;30mDEBUG   [0m [34mrasa.engine.graph[0m  - Node 'domain_provider' running 'DomainProvider.provide_inference'.
2026-07-21 10:34:46 [1;30mDEBUG   [0m [34mrasa.engine.graph[0m  - Node 'run_MemoizationPolicy0' running 'MemoizationPolicy.predict_action_probabilities'.
2026-07-21 10:34:46 [1;30mDEBUG   [0m [34mrasa.core.policies.memoization[0m  - {"tracker_states": [{}, {"user": {"intent": "search_product", "entities": ["excluded_ingredient", "food_category", "size"]}, "prev_action": {"action_name": "action_listen"}}, {"user": {"intent": "search_product", "entities": ["excluded_ingredient", "food_category", "size"]}, "prev_action": {"action_name": "action_search_products"}}, {"user": {"intent": "select_product", "entities": ["selected_index"]}, "prev_action": {"action_name": "action_listen"}}, {"user": {"intent": "select_product", "entities": ["selected_index"]}, "prev_action": {"action_name": "action_resolve_product_selection"}}, {"user": {"intent": "select_product", "entities": ["selected_index"]}, "prev_action": {"action_name": "action_listen"}}, {"user": {"intent": "select_product", "entities": ["selected_index"]}, "prev_action": {"action_name": "action_resolve_product_selection"}}], "event": "memoization.predict.actions", "level": "debug"}
2026-07-21 10:34:46 [1;30mDEBUG   [0m [34mrasa.core.policies.memoization[0m  - There is no memorised next action
2026-07-21 10:34:46 [1;30mDEBUG   [0m [34mrasa.engine.graph[0m  - Node 'run_RulePolicy1' running 'RulePolicy.predict_action_probabilities'.
2026-07-21 10:34:46 [1;30mDEBUG   [0m [34mrasa.core.policies.rule_policy[0m  - {"current_states": "\n[state 1] user intent: search_product | user entities: ('excluded_ingredient', 'food_category', 'size') | previous action name: action_listen\n[state 2] user intent: search_product | user entities: ('excluded_ingredient', 'food_category', 'size') | previous action name: action_search_products\n[state 3] user intent: select_product | user entities: ('selected_index',) | previous action name: action_listen\n[state 4] user intent: select_product | user entities: ('selected_index',) | previous action name: action_resolve_product_selection\n[state 5] user intent: select_product | user entities: ('selected_index',) | previous action name: action_listen\n[state 6] user intent: select_product | user entities: ('selected_index',) | previous action name: action_resolve_product_selection", "event": "rule_policy.actions.find", "level": "debug"}
2026-07-21 10:34:46 [1;30mDEBUG   [0m [34mrasa.core.policies.rule_policy[0m  - There is a rule for the next action 'action_listen'.
2026-07-21 10:34:46 [1;30mDEBUG   [0m [34mrasa.engine.graph[0m  - Node 'run_TEDPolicy2' running 'TEDPolicy.predict_action_probabilities'.
2026-07-21 10:34:46 [1;30mDEBUG   [0m [34mrasa.core.policies.ted_policy[0m  - TED predicted 'action_listen' based on user intent.
2026-07-21 10:34:46 [1;30mDEBUG   [0m [34mrasa.engine.graph[0m  - Node 'select_prediction' running 'DefaultPolicyPredictionEnsemble.combine_predictions_from_kwargs'.
2026-07-21 10:34:46 [1;30mDEBUG   [0m [34mrasa.core.policies.ensemble[0m  - Predicted next action using RulePolicy.
2026-07-21 10:34:46 [1;30mDEBUG   [0m [34mrasa.core.processor[0m  - Predicted next action 'action_listen' with confidence 1.00.
2026-07-21 10:34:46 [1;30mDEBUG   [0m [34mrasa.core.processor[0m  - {"prediction_events": [], "event": "processor.actions.policy_prediction", "level": "debug"}
2026-07-21 10:34:46 [1;30mDEBUG   [0m [34mrasa.core.processor[0m  - {"action_name": "action_listen", "rasa_events": [], "event": "processor.actions.log", "level": "debug"}
2026-07-21 10:34:46 [1;30mDEBUG   [0m [34mrasa.core.tracker_store[0m  - No event broker configured. Skipping streaming events.
2026-07-21 10:34:46 [1;30mDEBUG   [0m [34mrasa.core.lock_store[0m  - Deleted lock for conversation 'live-runtime-repair'.
2026-07-21 10:34:46 [1;30mDEBUG   [0m [34mrasa.core.tracker_store[0m  - Recreating tracker for id 'live-runtime-repair'
2026-07-21 10:34:46 [1;30mDEBUG   [0m [34mrasa.core.lock_store[0m  - Issuing ticket for conversation 'live-runtime-repair'.
2026-07-21 10:34:46 [1;30mDEBUG   [0m [34mrasa.core.lock_store[0m  - Acquiring lock for conversation 'live-runtime-repair'.
2026-07-21 10:34:46 [1;30mDEBUG   [0m [34mrasa.core.lock_store[0m  - Acquired lock for conversation 'live-runtime-repair'.
2026-07-21 10:34:46 [1;30mDEBUG   [0m [34mrasa.core.tracker_store[0m  - Recreating tracker for id 'live-runtime-repair'
2026-07-21 10:34:46 [1;30mDEBUG   [0m [34mrasa.engine.runner.dask[0m  - Running graph with inputs: {'__message__': [<rasa.core.channels.channel.UserMessage object at 0x00000257F48466B0>], '__tracker__': <rasa.shared.core.trackers.DialogueStateTracker object at 0x00000257F4845120>}, targets: ['run_RegexMessageHandler'] and ExecutionContext(model_id='aecf59e519724d7085c5203ce38acf11', should_add_diagnostic_data=False, is_finetuning=False, node_name=None).
2026-07-21 10:34:46 [1;30mDEBUG   [0m [34mrasa.engine.graph[0m  - Node 'nlu_message_converter' running 'NLUMessageConverter.convert_user_message'.
2026-07-21 10:34:46 [1;30mDEBUG   [0m [34mrasa.engine.graph[0m  - Node 'run_WhitespaceTokenizer0' running 'WhitespaceTokenizer.process'.
2026-07-21 10:34:46 [1;30mDEBUG   [0m [34mrasa.engine.graph[0m  - Node 'run_RegexFeaturizer1' running 'RegexFeaturizer.process'.
2026-07-21 10:34:46 [1;30mDEBUG   [0m [34mrasa.engine.graph[0m  - Node 'run_LexicalSyntacticFeaturizer2' running 'LexicalSyntacticFeaturizer.process'.
2026-07-21 10:34:46 [1;30mDEBUG   [0m [34mrasa.engine.graph[0m  - Node 'run_CountVectorsFeaturizer3' running 'CountVectorsFeaturizer.process'.
2026-07-21 10:34:46 [1;30mDEBUG   [0m [34mrasa.engine.graph[0m  - Node 'run_CountVectorsFeaturizer4' running 'CountVectorsFeaturizer.process'.
2026-07-21 10:34:46 [1;30mDEBUG   [0m [34mrasa.engine.graph[0m  - Node 'run_DIETClassifier5' running 'DIETClassifier.process'.
2026-07-21 10:34:46 [1;30mDEBUG   [0m [34mrasa.engine.graph[0m  - Node 'run_EntitySynonymMapper6' running 'EntitySynonymMapper.process'.
2026-07-21 10:34:46 [1;30mDEBUG   [0m [34mrasa.engine.graph[0m  - Node 'run_FallbackClassifier7' running 'FallbackClassifier.process'.
2026-07-21 10:34:46 [1;30mDEBUG   [0m [34mrasa.engine.graph[0m  - Node 'domain_provider' running 'DomainProvider.provide_inference'.
2026-07-21 10:34:46 [1;30mDEBUG   [0m [34mrasa.engine.graph[0m  - Node 'run_RegexMessageHandler' running 'RegexMessageHandler.process'.
2026-07-21 10:34:46 [1;30mDEBUG   [0m [34mrasa.core.processor[0m  - {"parse_data_text": "\u0646\u0639\u0645", "parse_data_intent": {"name": "affirm", "confidence": 0.9972570538520813}, "parse_data_entities": [], "event": "processor.message.parse", "level": "debug"}
2026-07-21 10:34:46 [1;30mDEBUG   [0m [34mrasa.core.processor[0m  - Logged UserUtterance - tracker now has 63 events.
2026-07-21 10:34:46 [1;30mDEBUG   [0m [34mrasa.core.actions.action[0m  - Validating extracted slots: 
2026-07-21 10:34:46 [1;30mDEBUG   [0m [34mrasa.core.processor[0m  - {"action_extract_slot": "action_extract_slots", "len_extraction_events": 0, "rasa_events": [], "event": "processor.extract.slots", "level": "debug"}
2026-07-21 10:34:46 [1;30mDEBUG   [0m [34mrasa.engine.runner.dask[0m  - Running graph with inputs: {'__tracker__': <rasa.shared.core.trackers.DialogueStateTracker object at 0x00000257F4845120>}, targets: ['select_prediction'] and ExecutionContext(model_id='aecf59e519724d7085c5203ce38acf11', should_add_diagnostic_data=False, is_finetuning=False, node_name=None).
2026-07-21 10:34:46 [1;30mDEBUG   [0m [34mrasa.engine.graph[0m  - Node 'rule_only_data_provider' running 'RuleOnlyDataProvider.provide'.
2026-07-21 10:34:46 [1;30mDEBUG   [0m [34mrasa.engine.graph[0m  - Node 'domain_provider' running 'DomainProvider.provide_inference'.
2026-07-21 10:34:46 [1;30mDEBUG   [0m [34mrasa.engine.graph[0m  - Node 'run_MemoizationPolicy0' running 'MemoizationPolicy.predict_action_probabilities'.
2026-07-21 10:34:46 [1;30mDEBUG   [0m [34mrasa.core.policies.memoization[0m  - {"tracker_states": [{}, {"user": {"intent": "search_product", "entities": ["excluded_ingredient", "food_category", "size"]}, "prev_action": {"action_name": "action_listen"}}, {"user": {"intent": "search_product", "entities": ["excluded_ingredient", "food_category", "size"]}, "prev_action": {"action_name": "action_search_products"}}, {"user": {"intent": "select_product", "entities": ["selected_index"]}, "prev_action": {"action_name": "action_listen"}}, {"user": {"intent": "select_product", "entities": ["selected_index"]}, "prev_action": {"action_name": "action_resolve_product_selection"}}, {"user": {"intent": "select_product", "entities": ["selected_index"]}, "prev_action": {"action_name": "action_listen"}}, {"user": {"intent": "select_product", "entities": ["selected_index"]}, "prev_action": {"action_name": "action_resolve_product_selection"}}, {"user": {"intent": "affirm"}, "prev_action": {"action_name": "action_listen"}}], "event": "memoization.predict.actions", "level": "debug"}
2026-07-21 10:34:46 [1;30mDEBUG   [0m [34mrasa.core.policies.memoization[0m  - There is no memorised next action
2026-07-21 10:34:46 [1;30mDEBUG   [0m [34mrasa.engine.graph[0m  - Node 'run_RulePolicy1' running 'RulePolicy.predict_action_probabilities'.
2026-07-21 10:34:46 [1;30mDEBUG   [0m [34mrasa.core.policies.rule_policy[0m  - {"current_states": "\n[state 1] user intent: search_product | user entities: ('excluded_ingredient', 'food_category', 'size') | previous action name: action_listen\n[state 2] user intent: search_product | user entities: ('excluded_ingredient', 'food_category', 'size') | previous action name: action_search_products\n[state 3] user intent: select_product | user entities: ('selected_index',) | previous action name: action_listen\n[state 4] user intent: select_product | user entities: ('selected_index',) | previous action name: action_resolve_product_selection\n[state 5] user intent: select_product | user entities: ('selected_index',) | previous action name: action_listen\n[state 6] user intent: select_product | user entities: ('selected_index',) | previous action name: action_resolve_product_selection\n[state 7] user text: \u0646\u0639\u0645 | previous action name: action_listen", "event": "rule_policy.actions.find", "level": "debug"}
2026-07-21 10:34:46 [1;30mDEBUG   [0m [34mrasa.core.policies.rule_policy[0m  - There is no applicable rule.
2026-07-21 10:34:46 [1;30mDEBUG   [0m [34mrasa.core.policies.rule_policy[0m  - {"current_states": "\n[state 1] user intent: search_product | user entities: ('excluded_ingredient', 'food_category', 'size') | previous action name: action_listen\n[state 2] user intent: search_product | user entities: ('excluded_ingredient', 'food_category', 'size') | previous action name: action_search_products\n[state 3] user intent: select_product | user entities: ('selected_index',) | previous action name: action_listen\n[state 4] user intent: select_product | user entities: ('selected_index',) | previous action name: action_resolve_product_selection\n[state 5] user intent: select_product | user entities: ('selected_index',) | previous action name: action_listen\n[state 6] user intent: select_product | user entities: ('selected_index',) | previous action name: action_resolve_product_selection\n[state 7] user intent: affirm | previous action name: action_listen", "event": "rule_policy.actions.find", "level": "debug"}
2026-07-21 10:34:46 [1;30mDEBUG   [0m [34mrasa.core.policies.rule_policy[0m  - There is a rule for the next action 'action_handle_affirm'.
2026-07-21 10:34:46 [1;30mDEBUG   [0m [34mrasa.engine.graph[0m  - Node 'run_TEDPolicy2' running 'TEDPolicy.predict_action_probabilities'.
2026-07-21 10:34:46 [1;30mDEBUG   [0m [34mrasa.core.policies.ted_policy[0m  - TED predicted 'action_handle_affirm' based on user intent.
2026-07-21 10:34:46 [1;30mDEBUG   [0m [34mrasa.engine.graph[0m  - Node 'select_prediction' running 'DefaultPolicyPredictionEnsemble.combine_predictions_from_kwargs'.
2026-07-21 10:34:46 [1;30mDEBUG   [0m [34mrasa.core.policies.ensemble[0m  - Made prediction using user intent.
2026-07-21 10:34:46 [1;30mDEBUG   [0m [34mrasa.core.policies.ensemble[0m  - Added `DefinePrevUserUtteredFeaturization(False)` event.
2026-07-21 10:34:46 [1;30mDEBUG   [0m [34mrasa.core.policies.ensemble[0m  - Predicted next action using RulePolicy.
2026-07-21 10:34:46 [1;30mDEBUG   [0m [34mrasa.core.processor[0m  - Predicted next action 'action_handle_affirm' with confidence 1.00.
2026-07-21 10:34:46 [1;30mDEBUG   [0m [34mrasa.core.actions.action[0m  - Calling action endpoint to run action 'action_handle_affirm'.
2026-07-21 10:34:46 [1;30mDEBUG   [0m [34mrasa.core.processor[0m  - {"prediction_events": ["<rasa.shared.core.events.DefinePrevUserUtteredFeaturization object at 0x00000257F23E52D0>"], "event": "processor.actions.policy_prediction", "level": "debug"}
2026-07-21 10:34:46 [1;30mDEBUG   [0m [34mrasa.core.processor[0m  - {"action_name": "action_handle_affirm", "rasa_events": ["BotUttered('\u062a\u0645\u062a \u0625\u0636\u0627\u0641\u0629 2 \u0645\u0646 \u0628\u064a\u062a\u0632\u0627 \u062f\u062c\u0627\u062c \u0643\u0628\u064a\u0631\u0629 \u0625\u0644\u0649 \u0627\u0644\u0633\u0644\u0629 \u0627\u0644\u062a\u062c\u0631\u064a\u0628\u064a\u0629 \u2705', {\"elements\": null, \"quick_replies\": null, \"buttons\": null, \"attachment\": null, \"image\": null, \"custom\": null}, {}, 1784619286.9587345)", "SlotSet(key: cart_idempotency_key, value: falcon-add_to_cart-b7d2589ab1155f2ec6f578a3)", "SlotSet(key: pending_action, value: {'type': 'add_to_cart', 'status': 'submitted', 'idempotency_key': 'falcon-add_to_cart-b7d2589ab1155f2ec6f578a3', 'message': '\u062a\u0645\u062a \u0625\u0636\u0627\u0641\u0629 2 \u0645\u0646 \u0628\u064a\u062a\u0632\u0627 \u062f\u062c\u0627\u062c \u0643\u0628\u064a\u0631\u0629 \u0625\u0644\u0649 \u0627\u0644\u0633\u0644\u0629 \u0627\u0644\u062a\u062c\u0631\u064a\u0628\u064a\u0629 \u2705'})", "SlotSet(key: quantity, value: None)", "SlotSet(key: selected_index, value: None)", "SlotSet(key: selected_product_id, value: None)", "SlotSet(key: selected_product_name, value: None)", "SlotSet(key: selected_product_details, value: None)", "SlotSet(key: search_results, value: [])", "SlotSet(key: displayed_product_ids, value: [])", "SlotSet(key: result_offset, value: 0)", "SlotSet(key: has_more_results, value: False)", "SlotSet(key: previous_search_filters, value: None)", "SlotSet(key: dialogue_stage, value: completed)", "SlotSet(key: awaiting_selection, value: False)", "SlotSet(key: awaiting_quantity, value: False)", "SlotSet(key: awaiting_cart_confirmation, value: False)", "SlotSet(key: last_bot_question, value: \u0647\u0644 \u062a\u0631\u064a\u062f \u0637\u0644\u0628\u064b\u0627 \u0622\u062e\u0631\u061f)"], "event": "processor.actions.log", "level": "debug"}
2026-07-21 10:34:46 [1;30mDEBUG   [0m [34mrasa.core.processor[0m  - {"slot_values": "\tproduct_name: None\n\tfood_category: pizza\n\tsize: large\n\tquantity: None\n\tmax_price: None\n\tincluded_ingredients: None\n\texcluded_ingredients: ['\u0641\u0637\u0631']\n\tselected_index: None\n\tselected_product_id: None\n\tselected_product_name: None\n\tselected_product_details: None\n\tsearch_results: []\n\tdisplayed_product_ids: []\n\tresult_offset: 0\n\thas_more_results: False\n\tdialogue_stage: completed\n\tawaiting_quantity: False\n\tawaiting_selection: False\n\tawaiting_cart_confirmation: False\n\tpending_action: {'type': 'add_to_cart', 'status': 'submitted', 'idempotency_key': 'falcon-add_to_cart-b7d2589ab1155f2ec6f578a3', 'message': '\u062a\u0645\u062a \u0625\u0636\u0627\u0641\u0629 2 \u0645\u0646 \u0628\u064a\u062a\u0632\u0627 \u062f\u062c\u0627\u062c \u0643\u0628\u064a\u0631\u0629 \u0625\u0644\u0649 \u0627\u0644\u0633\u0644\u0629 \u0627\u0644\u062a\u062c\u0631\u064a\u0628\u064a\u0629 \u2705'}\n\tlast_requested_attribute: None\n\tprevious_search_filters: None\n\tlast_bot_question: \u0647\u0644 \u062a\u0631\u064a\u062f \u0637\u0644\u0628\u064b\u0627 \u0622\u062e\u0631\u061f\n\tcart_idempotency_key: falcon-add_to_cart-b7d2589ab1155f2ec6f578a3\n\tsession_started_metadata: None", "event": "processor.slots.log", "level": "debug"}
2026-07-21 10:34:46 [1;30mDEBUG   [0m [34mrasa.engine.runner.dask[0m  - Running graph with inputs: {'__tracker__': <rasa.shared.core.trackers.DialogueStateTracker object at 0x00000257F4845120>}, targets: ['select_prediction'] and ExecutionContext(model_id='aecf59e519724d7085c5203ce38acf11', should_add_diagnostic_data=False, is_finetuning=False, node_name=None).
2026-07-21 10:34:46 [1;30mDEBUG   [0m [34mrasa.engine.graph[0m  - Node 'rule_only_data_provider' running 'RuleOnlyDataProvider.provide'.
2026-07-21 10:34:46 [1;30mDEBUG   [0m [34mrasa.engine.graph[0m  - Node 'domain_provider' running 'DomainProvider.provide_inference'.
2026-07-21 10:34:46 [1;30mDEBUG   [0m [34mrasa.engine.graph[0m  - Node 'run_MemoizationPolicy0' running 'MemoizationPolicy.predict_action_probabilities'.
2026-07-21 10:34:46 [1;30mDEBUG   [0m [34mrasa.core.policies.memoization[0m  - {"tracker_states": [{}, {"user": {"intent": "search_product", "entities": ["excluded_ingredient", "food_category", "size"]}, "prev_action": {"action_name": "action_listen"}}, {"user": {"intent": "search_product", "entities": ["excluded_ingredient", "food_category", "size"]}, "prev_action": {"action_name": "action_search_products"}}, {"user": {"intent": "select_product", "entities": ["selected_index"]}, "prev_action": {"action_name": "action_listen"}}, {"user": {"intent": "select_product", "entities": ["selected_index"]}, "prev_action": {"action_name": "action_resolve_product_selection"}}, {"user": {"intent": "select_product", "entities": ["selected_index"]}, "prev_action": {"action_name": "action_listen"}}, {"user": {"intent": "select_product", "entities": ["selected_index"]}, "prev_action": {"action_name": "action_resolve_product_selection"}}, {"user": {"intent": "affirm"}, "prev_action": {"action_name": "action_listen"}}, {"user": {"intent": "affirm"}, "prev_action": {"action_name": "action_handle_affirm"}}], "event": "memoization.predict.actions", "level": "debug"}
2026-07-21 10:34:46 [1;30mDEBUG   [0m [34mrasa.core.policies.memoization[0m  - There is no memorised next action
2026-07-21 10:34:46 [1;30mDEBUG   [0m [34mrasa.engine.graph[0m  - Node 'run_RulePolicy1' running 'RulePolicy.predict_action_probabilities'.
2026-07-21 10:34:46 [1;30mDEBUG   [0m [34mrasa.core.policies.rule_policy[0m  - {"current_states": "\n[state 1] user intent: search_product | user entities: ('excluded_ingredient', 'food_category', 'size') | previous action name: action_listen\n[state 2] user intent: search_product | user entities: ('excluded_ingredient', 'food_category', 'size') | previous action name: action_search_products\n[state 3] user intent: select_product | user entities: ('selected_index',) | previous action name: action_listen\n[state 4] user intent: select_product | user entities: ('selected_index',) | previous action name: action_resolve_product_selection\n[state 5] user intent: select_product | user entities: ('selected_index',) | previous action name: action_listen\n[state 6] user intent: select_product | user entities: ('selected_index',) | previous action name: action_resolve_product_selection\n[state 7] user intent: affirm | previous action name: action_listen\n[state 8] user intent: affirm | previous action name: action_handle_affirm", "event": "rule_policy.actions.find", "level": "debug"}
2026-07-21 10:34:46 [1;30mDEBUG   [0m [34mrasa.core.policies.rule_policy[0m  - There is a rule for the next action 'action_listen'.
2026-07-21 10:34:46 [1;30mDEBUG   [0m [34mrasa.engine.graph[0m  - Node 'run_TEDPolicy2' running 'TEDPolicy.predict_action_probabilities'.
2026-07-21 10:34:46 [1;30mDEBUG   [0m [34mrasa.core.policies.ted_policy[0m  - TED predicted 'action_listen' based on user intent.
2026-07-21 10:34:46 [1;30mDEBUG   [0m [34mrasa.engine.graph[0m  - Node 'select_prediction' running 'DefaultPolicyPredictionEnsemble.combine_predictions_from_kwargs'.
2026-07-21 10:34:46 [1;30mDEBUG   [0m [34mrasa.core.policies.ensemble[0m  - Predicted next action using RulePolicy.
2026-07-21 10:34:46 [1;30mDEBUG   [0m [34mrasa.core.processor[0m  - Predicted next action 'action_listen' with confidence 1.00.
2026-07-21 10:34:46 [1;30mDEBUG   [0m [34mrasa.core.processor[0m  - {"prediction_events": [], "event": "processor.actions.policy_prediction", "level": "debug"}
2026-07-21 10:34:46 [1;30mDEBUG   [0m [34mrasa.core.processor[0m  - {"action_name": "action_listen", "rasa_events": [], "event": "processor.actions.log", "level": "debug"}
2026-07-21 10:34:46 [1;30mDEBUG   [0m [34mrasa.core.tracker_store[0m  - No event broker configured. Skipping streaming events.
2026-07-21 10:34:46 [1;30mDEBUG   [0m [34mrasa.core.lock_store[0m  - Deleted lock for conversation 'live-runtime-repair'.
2026-07-21 10:34:47 [1;30mDEBUG   [0m [34mrasa.core.tracker_store[0m  - Recreating tracker for id 'live-runtime-repair'
2026-07-21 10:35:55 [1;30mDEBUG   [0m [34mrasa.core.lock_store[0m  - Issuing ticket for conversation 'live-runtime-final'.
2026-07-21 10:35:55 [1;30mDEBUG   [0m [34mrasa.core.lock_store[0m  - Acquiring lock for conversation 'live-runtime-final'.
2026-07-21 10:35:55 [1;30mDEBUG   [0m [34mrasa.core.lock_store[0m  - Acquired lock for conversation 'live-runtime-final'.
2026-07-21 10:35:55 [1;30mDEBUG   [0m [34mrasa.core.tracker_store[0m  - Could not find tracker for conversation ID 'live-runtime-final'.
2026-07-21 10:35:55 [1;30mDEBUG   [0m [34mrasa.core.tracker_store[0m  - No event broker configured. Skipping streaming events.
2026-07-21 10:35:55 [1;30mDEBUG   [0m [34mrasa.core.processor[0m  - Starting a new session for conversation ID 'live-runtime-final'.
2026-07-21 10:35:55 [1;30mDEBUG   [0m [34mrasa.core.processor[0m  - {"prediction_events": [], "event": "processor.actions.policy_prediction", "level": "debug"}
2026-07-21 10:35:55 [1;30mDEBUG   [0m [34mrasa.core.processor[0m  - {"action_name": "action_session_start", "rasa_events": ["<rasa.shared.core.events.SessionStarted object at 0x00000257F23E53F0>", "SlotSet(key: session_started_metadata, value: {'locale': 'ar-SY', 'channel': 'shell'})", "ActionExecuted(action: action_listen, policy: None, confidence: None)"], "event": "processor.actions.log", "level": "debug"}
2026-07-21 10:35:55 [1;30mDEBUG   [0m [34mrasa.core.processor[0m  - {"slot_values": "\tproduct_name: None\n\tfood_category: None\n\tsize: None\n\tquantity: None\n\tmax_price: None\n\tincluded_ingredients: None\n\texcluded_ingredients: None\n\tselected_index: None\n\tselected_product_id: None\n\tselected_product_name: None\n\tselected_product_details: None\n\tsearch_results: None\n\tdisplayed_product_ids: None\n\tresult_offset: None\n\thas_more_results: None\n\tdialogue_stage: None\n\tawaiting_quantity: None\n\tawaiting_selection: None\n\tawaiting_cart_confirmation: None\n\tpending_action: None\n\tlast_requested_attribute: None\n\tprevious_search_filters: None\n\tlast_bot_question: None\n\tcart_idempotency_key: None\n\tsession_started_metadata: {'locale': 'ar-SY', 'channel': 'shell'}", "event": "processor.slots.log", "level": "debug"}
2026-07-21 10:35:55 [1;30mDEBUG   [0m [34mrasa.engine.runner.dask[0m  - Running graph with inputs: {'__message__': [<rasa.core.channels.channel.UserMessage object at 0x00000257F4845030>], '__tracker__': <rasa.shared.core.trackers.DialogueStateTracker object at 0x00000257F48467A0>}, targets: ['run_RegexMessageHandler'] and ExecutionContext(model_id='aecf59e519724d7085c5203ce38acf11', should_add_diagnostic_data=False, is_finetuning=False, node_name=None).
2026-07-21 10:35:55 [1;30mDEBUG   [0m [34mrasa.engine.graph[0m  - Node 'nlu_message_converter' running 'NLUMessageConverter.convert_user_message'.
2026-07-21 10:35:55 [1;30mDEBUG   [0m [34mrasa.engine.graph[0m  - Node 'run_WhitespaceTokenizer0' running 'WhitespaceTokenizer.process'.
2026-07-21 10:35:55 [1;30mDEBUG   [0m [34mrasa.engine.graph[0m  - Node 'run_RegexFeaturizer1' running 'RegexFeaturizer.process'.
2026-07-21 10:35:55 [1;30mDEBUG   [0m [34mrasa.engine.graph[0m  - Node 'run_LexicalSyntacticFeaturizer2' running 'LexicalSyntacticFeaturizer.process'.
2026-07-21 10:35:55 [1;30mDEBUG   [0m [34mrasa.engine.graph[0m  - Node 'run_CountVectorsFeaturizer3' running 'CountVectorsFeaturizer.process'.
2026-07-21 10:35:55 [1;30mDEBUG   [0m [34mrasa.engine.graph[0m  - Node 'run_CountVectorsFeaturizer4' running 'CountVectorsFeaturizer.process'.
2026-07-21 10:35:55 [1;30mDEBUG   [0m [34mrasa.engine.graph[0m  - Node 'run_DIETClassifier5' running 'DIETClassifier.process'.
2026-07-21 10:35:55 [1;30mDEBUG   [0m [34mrasa.engine.graph[0m  - Node 'run_EntitySynonymMapper6' running 'EntitySynonymMapper.process'.
2026-07-21 10:35:55 [1;30mDEBUG   [0m [34mrasa.engine.graph[0m  - Node 'run_FallbackClassifier7' running 'FallbackClassifier.process'.
2026-07-21 10:35:55 [1;30mDEBUG   [0m [34mrasa.engine.graph[0m  - Node 'domain_provider' running 'DomainProvider.provide_inference'.
2026-07-21 10:35:55 [1;30mDEBUG   [0m [34mrasa.engine.graph[0m  - Node 'run_RegexMessageHandler' running 'RegexMessageHandler.process'.
2026-07-21 10:35:55 [1;30mDEBUG   [0m [34mrasa.core.processor[0m  - {"parse_data_text": "/restart", "parse_data_intent": {"name": "restart", "confidence": 1.0}, "parse_data_entities": [], "event": "processor.message.parse", "level": "debug"}
2026-07-21 10:35:55 [1;30mDEBUG   [0m [34mrasa.core.processor[0m  - Logged UserUtterance - tracker now has 6 events.
2026-07-21 10:35:55 [1;30mDEBUG   [0m [34mrasa.core.actions.action[0m  - Validating extracted slots: 
2026-07-21 10:35:55 [1;30mDEBUG   [0m [34mrasa.core.processor[0m  - {"action_extract_slot": "action_extract_slots", "len_extraction_events": 0, "rasa_events": [], "event": "processor.extract.slots", "level": "debug"}
2026-07-21 10:35:55 [1;30mDEBUG   [0m [34mrasa.engine.runner.dask[0m  - Running graph with inputs: {'__tracker__': <rasa.shared.core.trackers.DialogueStateTracker object at 0x00000257F48467A0>}, targets: ['select_prediction'] and ExecutionContext(model_id='aecf59e519724d7085c5203ce38acf11', should_add_diagnostic_data=False, is_finetuning=False, node_name=None).
2026-07-21 10:35:55 [1;30mDEBUG   [0m [34mrasa.engine.graph[0m  - Node 'rule_only_data_provider' running 'RuleOnlyDataProvider.provide'.
2026-07-21 10:35:55 [1;30mDEBUG   [0m [34mrasa.engine.graph[0m  - Node 'domain_provider' running 'DomainProvider.provide_inference'.
2026-07-21 10:35:55 [1;30mDEBUG   [0m [34mrasa.engine.graph[0m  - Node 'run_MemoizationPolicy0' running 'MemoizationPolicy.predict_action_probabilities'.
2026-07-21 10:35:55 [1;30mDEBUG   [0m [34mrasa.core.policies.memoization[0m  - {"tracker_states": [{}, {"user": {"intent": "restart"}, "prev_action": {"action_name": "action_listen"}}], "event": "memoization.predict.actions", "level": "debug"}
2026-07-21 10:35:55 [1;30mDEBUG   [0m [34mrasa.core.policies.memoization[0m  - There is no memorised next action
2026-07-21 10:35:55 [1;30mDEBUG   [0m [34mrasa.engine.graph[0m  - Node 'run_RulePolicy1' running 'RulePolicy.predict_action_probabilities'.
2026-07-21 10:35:55 [1;30mDEBUG   [0m [34mrasa.core.policies.rule_policy[0m  - {"current_states": "\n[state 1] user text: /restart | previous action name: action_listen", "event": "rule_policy.actions.find", "level": "debug"}
2026-07-21 10:35:55 [1;30mDEBUG   [0m [34mrasa.core.policies.rule_policy[0m  - There is no applicable rule.
2026-07-21 10:35:55 [1;30mDEBUG   [0m [34mrasa.core.policies.rule_policy[0m  - Predicted default action 'action_restart'.
2026-07-21 10:35:55 [1;30mDEBUG   [0m [34mrasa.engine.graph[0m  - Node 'run_TEDPolicy2' running 'TEDPolicy.predict_action_probabilities'.
2026-07-21 10:35:55 [1;30mDEBUG   [0m [34mrasa.core.policies.ted_policy[0m  - TED predicted 'utter_help' based on user intent.
2026-07-21 10:35:55 [1;30mDEBUG   [0m [34mrasa.engine.graph[0m  - Node 'select_prediction' running 'DefaultPolicyPredictionEnsemble.combine_predictions_from_kwargs'.
2026-07-21 10:35:55 [1;30mDEBUG   [0m [34mrasa.core.policies.ensemble[0m  - Made prediction using user intent.
2026-07-21 10:35:55 [1;30mDEBUG   [0m [34mrasa.core.policies.ensemble[0m  - Added `DefinePrevUserUtteredFeaturization(False)` event.
2026-07-21 10:35:55 [1;30mDEBUG   [0m [34mrasa.core.policies.ensemble[0m  - Predicted next action using RulePolicy.
2026-07-21 10:35:55 [1;30mDEBUG   [0m [34mrasa.core.processor[0m  - Predicted next action 'action_restart' with confidence 1.00.
2026-07-21 10:35:55 [1;30mDEBUG   [0m [34mrasa.core.processor[0m  - {"prediction_events": ["<rasa.shared.core.events.DefinePrevUserUtteredFeaturization object at 0x00000257F23E72B0>"], "event": "processor.actions.policy_prediction", "level": "debug"}
2026-07-21 10:35:55 [1;30mDEBUG   [0m [34mrasa.core.processor[0m  - {"action_name": "action_restart", "rasa_events": ["<rasa.shared.core.events.Restarted object at 0x00000257F23E7580>"], "event": "processor.actions.log", "level": "debug"}
2026-07-21 10:35:55 [1;30mDEBUG   [0m [34mrasa.core.processor[0m  - {"slot_values": "\tproduct_name: None\n\tfood_category: None\n\tsize: None\n\tquantity: None\n\tmax_price: None\n\tincluded_ingredients: None\n\texcluded_ingredients: None\n\tselected_index: None\n\tselected_product_id: None\n\tselected_product_name: None\n\tselected_product_details: None\n\tsearch_results: None\n\tdisplayed_product_ids: None\n\tresult_offset: None\n\thas_more_results: None\n\tdialogue_stage: None\n\tawaiting_quantity: None\n\tawaiting_selection: None\n\tawaiting_cart_confirmation: None\n\tpending_action: None\n\tlast_requested_attribute: None\n\tprevious_search_filters: None\n\tlast_bot_question: None\n\tcart_idempotency_key: None\n\tsession_started_metadata: None", "event": "processor.slots.log", "level": "debug"}
2026-07-21 10:35:55 [1;30mDEBUG   [0m [34mrasa.core.processor[0m  - Predicted next action 'action_session_start' with confidence 1.00.
2026-07-21 10:35:55 [1;30mDEBUG   [0m [34mrasa.core.processor[0m  - {"prediction_events": [], "event": "processor.actions.policy_prediction", "level": "debug"}
2026-07-21 10:35:55 [1;30mDEBUG   [0m [34mrasa.core.processor[0m  - {"action_name": "action_session_start", "rasa_events": ["<rasa.shared.core.events.SessionStarted object at 0x00000257F23E7250>", "ActionExecuted(action: action_listen, policy: None, confidence: None)"], "event": "processor.actions.log", "level": "debug"}
2026-07-21 10:35:55 [1;30mDEBUG   [0m [34mrasa.core.processor[0m  - {"slot_values": "\tproduct_name: None\n\tfood_category: None\n\tsize: None\n\tquantity: None\n\tmax_price: None\n\tincluded_ingredients: None\n\texcluded_ingredients: None\n\tselected_index: None\n\tselected_product_id: None\n\tselected_product_name: None\n\tselected_product_details: None\n\tsearch_results: None\n\tdisplayed_product_ids: None\n\tresult_offset: None\n\thas_more_results: None\n\tdialogue_stage: None\n\tawaiting_quantity: None\n\tawaiting_selection: None\n\tawaiting_cart_confirmation: None\n\tpending_action: None\n\tlast_requested_attribute: None\n\tprevious_search_filters: None\n\tlast_bot_question: None\n\tcart_idempotency_key: None\n\tsession_started_metadata: None", "event": "processor.slots.log", "level": "debug"}
2026-07-21 10:35:55 [1;30mDEBUG   [0m [34mrasa.core.tracker_store[0m  - No event broker configured. Skipping streaming events.
2026-07-21 10:35:55 [1;30mDEBUG   [0m [34mrasa.core.lock_store[0m  - Deleted lock for conversation 'live-runtime-final'.
2026-07-21 10:35:55 [1;30mDEBUG   [0m [34mrasa.core.tracker_store[0m  - Recreating tracker for id 'live-runtime-final'
2026-07-21 10:35:55 [1;30mDEBUG   [0m [34mrasa.core.lock_store[0m  - Issuing ticket for conversation 'live-runtime-final'.
2026-07-21 10:35:55 [1;30mDEBUG   [0m [34mrasa.core.lock_store[0m  - Acquiring lock for conversation 'live-runtime-final'.
2026-07-21 10:35:55 [1;30mDEBUG   [0m [34mrasa.core.lock_store[0m  - Acquired lock for conversation 'live-runtime-final'.
2026-07-21 10:35:55 [1;30mDEBUG   [0m [34mrasa.core.tracker_store[0m  - Recreating tracker for id 'live-runtime-final'
2026-07-21 10:35:55 [1;30mDEBUG   [0m [34mrasa.engine.runner.dask[0m  - Running graph with inputs: {'__message__': [<rasa.core.channels.channel.UserMessage object at 0x00000257FB4E8160>], '__tracker__': <rasa.shared.core.trackers.DialogueStateTracker object at 0x00000257F23E6AA0>}, targets: ['run_RegexMessageHandler'] and ExecutionContext(model_id='aecf59e519724d7085c5203ce38acf11', should_add_diagnostic_data=False, is_finetuning=False, node_name=None).
2026-07-21 10:35:55 [1;30mDEBUG   [0m [34mrasa.engine.graph[0m  - Node 'nlu_message_converter' running 'NLUMessageConverter.convert_user_message'.
2026-07-21 10:35:55 [1;30mDEBUG   [0m [34mrasa.engine.graph[0m  - Node 'run_WhitespaceTokenizer0' running 'WhitespaceTokenizer.process'.
2026-07-21 10:35:55 [1;30mDEBUG   [0m [34mrasa.engine.graph[0m  - Node 'run_RegexFeaturizer1' running 'RegexFeaturizer.process'.
2026-07-21 10:35:55 [1;30mDEBUG   [0m [34mrasa.engine.graph[0m  - Node 'run_LexicalSyntacticFeaturizer2' running 'LexicalSyntacticFeaturizer.process'.
2026-07-21 10:35:55 [1;30mDEBUG   [0m [34mrasa.engine.graph[0m  - Node 'run_CountVectorsFeaturizer3' running 'CountVectorsFeaturizer.process'.
2026-07-21 10:35:55 [1;30mDEBUG   [0m [34mrasa.engine.graph[0m  - Node 'run_CountVectorsFeaturizer4' running 'CountVectorsFeaturizer.process'.
2026-07-21 10:35:55 [1;30mDEBUG   [0m [34mrasa.engine.graph[0m  - Node 'run_DIETClassifier5' running 'DIETClassifier.process'.
2026-07-21 10:35:55 [1;30mDEBUG   [0m [34mrasa.engine.graph[0m  - Node 'run_EntitySynonymMapper6' running 'EntitySynonymMapper.process'.
2026-07-21 10:35:56 [1;30mDEBUG   [0m [34mrasa.engine.graph[0m  - Node 'run_FallbackClassifier7' running 'FallbackClassifier.process'.
2026-07-21 10:35:56 [1;30mDEBUG   [0m [34mrasa.engine.graph[0m  - Node 'domain_provider' running 'DomainProvider.provide_inference'.
2026-07-21 10:35:56 [1;30mDEBUG   [0m [34mrasa.engine.graph[0m  - Node 'run_RegexMessageHandler' running 'RegexMessageHandler.process'.
2026-07-21 10:35:56 [1;30mDEBUG   [0m [34mrasa.core.processor[0m  - {"parse_data_text": "\u0628\u062f\u064a \u0628\u064a\u062a\u0632\u0627 \u0643\u0628\u064a\u0631\u0629 \u0628\u062f\u0648\u0646 \u0641\u0637\u0631", "parse_data_intent": {"name": "search_product", "confidence": 1.0}, "parse_data_entities": [{"entity": "food_category", "start": 4, "end": 9, "confidence_entity": 0.9994427561759949, "value": "pizza", "extractor": "DIETClassifier", "processors": ["EntitySynonymMapper"]}, {"entity": "size", "start": 10, "end": 15, "confidence_entity": 0.9997287392616272, "value": "large", "extractor": "DIETClassifier", "processors": ["EntitySynonymMapper"]}, {"entity": "excluded_ingredient", "start": 21, "end": 24, "confidence_entity": 0.9998218417167664, "value": "\u0641\u0637\u0631", "extractor": "DIETClassifier", "processors": ["EntitySynonymMapper"]}], "event": "processor.message.parse", "level": "debug"}
2026-07-21 10:35:56 [1;30mDEBUG   [0m [34mrasa.core.processor[0m  - {"slot_values": "\tproduct_name: None\n\tfood_category: None\n\tsize: None\n\tquantity: None\n\tmax_price: None\n\tincluded_ingredients: None\n\texcluded_ingredients: None\n\tselected_index: None\n\tselected_product_id: None\n\tselected_product_name: None\n\tselected_product_details: None\n\tsearch_results: None\n\tdisplayed_product_ids: None\n\tresult_offset: None\n\thas_more_results: None\n\tdialogue_stage: None\n\tawaiting_quantity: None\n\tawaiting_selection: None\n\tawaiting_cart_confirmation: None\n\tpending_action: None\n\tlast_requested_attribute: None\n\tprevious_search_filters: None\n\tlast_bot_question: None\n\tcart_idempotency_key: None\n\tsession_started_metadata: None", "event": "processor.slots.log", "level": "debug"}
2026-07-21 10:35:56 [1;30mDEBUG   [0m [34mrasa.core.processor[0m  - Logged UserUtterance - tracker now has 4 events.
2026-07-21 10:35:56 [1;30mDEBUG   [0m [34mrasa.core.actions.action[0m  - Validating extracted slots: food_category
size
excluded_ingredients
2026-07-21 10:35:56 [1;30mDEBUG   [0m [34mrasa.core.processor[0m  - {"action_extract_slot": "action_extract_slots", "len_extraction_events": 3, "rasa_events": ["SlotSet(key: food_category, value: pizza)", "SlotSet(key: size, value: large)", "SlotSet(key: excluded_ingredients, value: ['\u0641\u0637\u0631'])"], "event": "processor.extract.slots", "level": "debug"}
2026-07-21 10:35:56 [1;30mDEBUG   [0m [34mrasa.engine.runner.dask[0m  - Running graph with inputs: {'__tracker__': <rasa.shared.core.trackers.DialogueStateTracker object at 0x00000257F23E6AA0>}, targets: ['select_prediction'] and ExecutionContext(model_id='aecf59e519724d7085c5203ce38acf11', should_add_diagnostic_data=False, is_finetuning=False, node_name=None).
2026-07-21 10:35:56 [1;30mDEBUG   [0m [34mrasa.engine.graph[0m  - Node 'rule_only_data_provider' running 'RuleOnlyDataProvider.provide'.
2026-07-21 10:35:56 [1;30mDEBUG   [0m [34mrasa.engine.graph[0m  - Node 'domain_provider' running 'DomainProvider.provide_inference'.
2026-07-21 10:35:56 [1;30mDEBUG   [0m [34mrasa.engine.graph[0m  - Node 'run_MemoizationPolicy0' running 'MemoizationPolicy.predict_action_probabilities'.
2026-07-21 10:35:56 [1;30mDEBUG   [0m [34mrasa.core.policies.memoization[0m  - {"tracker_states": [{}, {"user": {"intent": "search_product", "entities": ["excluded_ingredient", "food_category", "size"]}, "prev_action": {"action_name": "action_listen"}}], "event": "memoization.predict.actions", "level": "debug"}
2026-07-21 10:35:56 [1;30mDEBUG   [0m [34mrasa.core.policies.memoization[0m  - There is no memorised next action
2026-07-21 10:35:56 [1;30mDEBUG   [0m [34mrasa.engine.graph[0m  - Node 'run_RulePolicy1' running 'RulePolicy.predict_action_probabilities'.
2026-07-21 10:35:56 [1;30mDEBUG   [0m [34mrasa.core.policies.rule_policy[0m  - {"current_states": "\n[state 1] user text: \u0628\u062f\u064a \u0628\u064a\u062a\u0632\u0627 \u0643\u0628\u064a\u0631\u0629 \u0628\u062f\u0648\u0646 \u0641\u0637\u0631 | previous action name: action_listen", "event": "rule_policy.actions.find", "level": "debug"}
2026-07-21 10:35:56 [1;30mDEBUG   [0m [34mrasa.core.policies.rule_policy[0m  - There is no applicable rule.
2026-07-21 10:35:56 [1;30mDEBUG   [0m [34mrasa.core.policies.rule_policy[0m  - {"current_states": "\n[state 1] user intent: search_product | user entities: ('excluded_ingredient', 'food_category', 'size') | previous action name: action_listen", "event": "rule_policy.actions.find", "level": "debug"}
2026-07-21 10:35:56 [1;30mDEBUG   [0m [34mrasa.core.policies.rule_policy[0m  - There is a rule for the next action 'action_search_products'.
2026-07-21 10:35:56 [1;30mDEBUG   [0m [34mrasa.engine.graph[0m  - Node 'run_TEDPolicy2' running 'TEDPolicy.predict_action_probabilities'.
2026-07-21 10:35:56 [1;30mDEBUG   [0m [34mrasa.core.policies.ted_policy[0m  - TED predicted 'action_search_products' based on user intent.
2026-07-21 10:35:56 [1;30mDEBUG   [0m [34mrasa.engine.graph[0m  - Node 'select_prediction' running 'DefaultPolicyPredictionEnsemble.combine_predictions_from_kwargs'.
2026-07-21 10:35:56 [1;30mDEBUG   [0m [34mrasa.core.policies.ensemble[0m  - Made prediction using user intent.
2026-07-21 10:35:56 [1;30mDEBUG   [0m [34mrasa.core.policies.ensemble[0m  - Added `DefinePrevUserUtteredFeaturization(False)` event.
2026-07-21 10:35:56 [1;30mDEBUG   [0m [34mrasa.core.policies.ensemble[0m  - Predicted next action using RulePolicy.
2026-07-21 10:35:56 [1;30mDEBUG   [0m [34mrasa.core.processor[0m  - Predicted next action 'action_search_products' with confidence 1.00.
2026-07-21 10:35:56 [1;30mDEBUG   [0m [34mrasa.core.actions.action[0m  - Calling action endpoint to run action 'action_search_products'.
2026-07-21 10:35:56 [1;30mDEBUG   [0m [34mrasa.core.processor[0m  - {"prediction_events": ["<rasa.shared.core.events.DefinePrevUserUtteredFeaturization object at 0x00000257F23E4E80>"], "event": "processor.actions.policy_prediction", "level": "debug"}
2026-07-21 10:35:56 [1;30mDEBUG   [0m [34mrasa.core.processor[0m  - {"action_name": "action_search_products", "rasa_events": ["BotUttered('\u0644\u0642\u064a\u062a\u0644\u0643 \u062e\u064a\u0627\u0631 \u0645\u0646\u0627\u0633\u0628 \ud83d\udc47\n\n\u0628\u064a\u062a\u0632\u0627 \u062f\u062c\u0627\u062c \u0643\u0628\u064a\u0631\u0629\n\u0645\u0646 Falcon Pizza House\n\u0627\u0644\u0633\u0639\u0631: 75,000 \u0644.\u0633\n\u0627\u0644\u0645\u0643\u0648\u0646\u0627\u062a: \u062f\u062c\u0627\u062c\u060c \u062c\u0628\u0646\u0629\u060c \u0635\u0644\u0635\u0629\n\n\u0628\u062f\u0643 \u062a\u062e\u062a\u0627\u0631\u0647\u0627\u060c \u0648\u0644\u0627 \u0646\u062f\u0648\u0631 \u0639\u0644\u0649 \u062e\u064a\u0627\u0631 \u062a\u0627\u0646\u064a\u061f', {\"elements\": null, \"quick_replies\": null, \"buttons\": null, \"attachment\": null, \"image\": null, \"custom\": null}, {}, 1784619356.1035297)", "SlotSet(key: selected_index, value: None)", "SlotSet(key: selected_product_id, value: None)", "SlotSet(key: selected_product_name, value: None)", "SlotSet(key: selected_product_details, value: None)", "SlotSet(key: search_results, value: [])", "SlotSet(key: displayed_product_ids, value: [])", "SlotSet(key: result_offset, value: 0)", "SlotSet(key: has_more_results, value: False)", "SlotSet(key: pending_action, value: None)", "SlotSet(key: last_requested_attribute, value: None)", "SlotSet(key: cart_idempotency_key, value: None)", "SlotSet(key: search_results, value: [{'id': 'pza_001', 'product_id': 'pza_001', 'variant_id': None, 'name': '\u0628\u064a\u062a\u0632\u0627 \u062f\u062c\u0627\u062c \u0643\u0628\u064a\u0631\u0629', 'category': None, 'description': None, 'price': 75000, 'currency': 'SYP', 'store_id': None, 'store_name': 'Falcon Pizza House', 'available': True, 'available_sizes': [], 'selected_size': None, 'ingredients': ['\u062f\u062c\u0627\u062c', '\u062c\u0628\u0646\u0629', '\u0635\u0644\u0635\u0629'], 'image_url': None}])", "SlotSet(key: displayed_product_ids, value: ['pza_001'])", "SlotSet(key: result_offset, value: 1)", "SlotSet(key: has_more_results, value: False)", "SlotSet(key: quantity, value: None)", "SlotSet(key: previous_search_filters, value: {'mode': 'search', 'product_name': '', 'food_category': 'pizza', 'size': 'large', 'quantity': 1, 'max_price': None, 'included_ingredients': [], 'excluded_ingredients': ['\u0641\u0637\u0631']})", "SlotSet(key: dialogue_stage, value: awaiting_selection)", "SlotSet(key: awaiting_selection, value: True)", "SlotSet(key: awaiting_quantity, value: False)", "SlotSet(key: awaiting_cart_confirmation, value: False)", "SlotSet(key: last_bot_question, value: \u0627\u0643\u062a\u0628 \u00ab\u0627\u0644\u0623\u0648\u0644\u00bb \u0644\u0627\u062e\u062a\u064a\u0627\u0631\u0647\u060c \u0623\u0648 \u0642\u0644\u0651\u064a \u00ab\u0648\u0631\u062c\u064a\u0646\u064a \u063a\u064a\u0631\u0647\u00bb.)"], "event": "processor.actions.log", "level": "debug"}
2026-07-21 10:35:56 [1;30mDEBUG   [0m [34mrasa.core.processor[0m  - {"slot_values": "\tproduct_name: None\n\tfood_category: pizza\n\tsize: large\n\tquantity: None\n\tmax_price: None\n\tincluded_ingredients: None\n\texcluded_ingredients: ['\u0641\u0637\u0631']\n\tselected_index: None\n\tselected_product_id: None\n\tselected_product_name: None\n\tselected_product_details: None\n\tsearch_results: [{'id': 'pza_001', 'product_id': 'pza_001', 'variant_id': None, 'name': '\u0628\u064a\u062a\u0632\u0627 \u062f\u062c\u0627\u062c \u0643\u0628\u064a\u0631\u0629', 'category': None, 'description': None, 'price': 75000, 'currency': 'SYP', 'store_id': None, 'store_name': 'Falcon Pizza House', 'available': True, 'available_sizes': [], 'selected_size': None, 'ingredients': ['\u062f\u062c\u0627\u062c', '\u062c\u0628\u0646\u0629', '\u0635\u0644\u0635\u0629'], 'image_url': None}]\n\tdisplayed_product_ids: ['pza_001']\n\tresult_offset: 1\n\thas_more_results: False\n\tdialogue_stage: awaiting_selection\n\tawaiting_quantity: False\n\tawaiting_selection: True\n\tawaiting_cart_confirmation: False\n\tpending_action: None\n\tlast_requested_attribute: None\n\tprevious_search_filters: {'mode': 'search', 'product_name': '', 'food_category': 'pizza', 'size': 'large', 'quantity': 1, 'max_price': None, 'included_ingredients': [], 'excluded_ingredients': ['\u0641\u0637\u0631']}\n\tlast_bot_question: \u0627\u0643\u062a\u0628 \u00ab\u0627\u0644\u0623\u0648\u0644\u00bb \u0644\u0627\u062e\u062a\u064a\u0627\u0631\u0647\u060c \u0623\u0648 \u0642\u0644\u0651\u064a \u00ab\u0648\u0631\u062c\u064a\u0646\u064a \u063a\u064a\u0631\u0647\u00bb.\n\tcart_idempotency_key: None\n\tsession_started_metadata: None", "event": "processor.slots.log", "level": "debug"}
2026-07-21 10:35:56 [1;30mDEBUG   [0m [34mrasa.engine.runner.dask[0m  - Running graph with inputs: {'__tracker__': <rasa.shared.core.trackers.DialogueStateTracker object at 0x00000257F23E6AA0>}, targets: ['select_prediction'] and ExecutionContext(model_id='aecf59e519724d7085c5203ce38acf11', should_add_diagnostic_data=False, is_finetuning=False, node_name=None).
2026-07-21 10:35:56 [1;30mDEBUG   [0m [34mrasa.engine.graph[0m  - Node 'rule_only_data_provider' running 'RuleOnlyDataProvider.provide'.
2026-07-21 10:35:56 [1;30mDEBUG   [0m [34mrasa.engine.graph[0m  - Node 'domain_provider' running 'DomainProvider.provide_inference'.
2026-07-21 10:35:56 [1;30mDEBUG   [0m [34mrasa.engine.graph[0m  - Node 'run_MemoizationPolicy0' running 'MemoizationPolicy.predict_action_probabilities'.
2026-07-21 10:35:56 [1;30mDEBUG   [0m [34mrasa.core.policies.memoization[0m  - {"tracker_states": [{}, {"user": {"intent": "search_product", "entities": ["excluded_ingredient", "food_category", "size"]}, "prev_action": {"action_name": "action_listen"}}, {"user": {"intent": "search_product", "entities": ["excluded_ingredient", "food_category", "size"]}, "prev_action": {"action_name": "action_search_products"}}], "event": "memoization.predict.actions", "level": "debug"}
2026-07-21 10:35:56 [1;30mDEBUG   [0m [34mrasa.core.policies.memoization[0m  - There is no memorised next action
2026-07-21 10:35:56 [1;30mDEBUG   [0m [34mrasa.engine.graph[0m  - Node 'run_RulePolicy1' running 'RulePolicy.predict_action_probabilities'.
2026-07-21 10:35:56 [1;30mDEBUG   [0m [34mrasa.core.policies.rule_policy[0m  - {"current_states": "\n[state 1] user intent: search_product | user entities: ('excluded_ingredient', 'food_category', 'size') | previous action name: action_listen\n[state 2] user intent: search_product | user entities: ('excluded_ingredient', 'food_category', 'size') | previous action name: action_search_products", "event": "rule_policy.actions.find", "level": "debug"}
2026-07-21 10:35:56 [1;30mDEBUG   [0m [34mrasa.core.policies.rule_policy[0m  - There is a rule for the next action 'action_listen'.
2026-07-21 10:35:56 [1;30mDEBUG   [0m [34mrasa.engine.graph[0m  - Node 'run_TEDPolicy2' running 'TEDPolicy.predict_action_probabilities'.
2026-07-21 10:35:56 [1;30mDEBUG   [0m [34mrasa.core.policies.ted_policy[0m  - TED predicted 'action_listen' based on user intent.
2026-07-21 10:35:56 [1;30mDEBUG   [0m [34mrasa.engine.graph[0m  - Node 'select_prediction' running 'DefaultPolicyPredictionEnsemble.combine_predictions_from_kwargs'.
2026-07-21 10:35:56 [1;30mDEBUG   [0m [34mrasa.core.policies.ensemble[0m  - Predicted next action using RulePolicy.
2026-07-21 10:35:56 [1;30mDEBUG   [0m [34mrasa.core.processor[0m  - Predicted next action 'action_listen' with confidence 1.00.
2026-07-21 10:35:56 [1;30mDEBUG   [0m [34mrasa.core.processor[0m  - {"prediction_events": [], "event": "processor.actions.policy_prediction", "level": "debug"}
2026-07-21 10:35:56 [1;30mDEBUG   [0m [34mrasa.core.processor[0m  - {"action_name": "action_listen", "rasa_events": [], "event": "processor.actions.log", "level": "debug"}
2026-07-21 10:35:56 [1;30mDEBUG   [0m [34mrasa.core.tracker_store[0m  - No event broker configured. Skipping streaming events.
2026-07-21 10:35:56 [1;30mDEBUG   [0m [34mrasa.core.lock_store[0m  - Deleted lock for conversation 'live-runtime-final'.
2026-07-21 10:35:56 [1;30mDEBUG   [0m [34mrasa.core.tracker_store[0m  - Recreating tracker for id 'live-runtime-final'
2026-07-21 10:35:56 [1;30mDEBUG   [0m [34mrasa.core.lock_store[0m  - Issuing ticket for conversation 'live-runtime-final'.
2026-07-21 10:35:56 [1;30mDEBUG   [0m [34mrasa.core.lock_store[0m  - Acquiring lock for conversation 'live-runtime-final'.
2026-07-21 10:35:56 [1;30mDEBUG   [0m [34mrasa.core.lock_store[0m  - Acquired lock for conversation 'live-runtime-final'.
2026-07-21 10:35:56 [1;30mDEBUG   [0m [34mrasa.core.tracker_store[0m  - Recreating tracker for id 'live-runtime-final'
2026-07-21 10:35:56 [1;30mDEBUG   [0m [34mrasa.engine.runner.dask[0m  - Running graph with inputs: {'__message__': [<rasa.core.channels.channel.UserMessage object at 0x00000257F4846FB0>], '__tracker__': <rasa.shared.core.trackers.DialogueStateTracker object at 0x00000257F4845D50>}, targets: ['run_RegexMessageHandler'] and ExecutionContext(model_id='aecf59e519724d7085c5203ce38acf11', should_add_diagnostic_data=False, is_finetuning=False, node_name=None).
2026-07-21 10:35:56 [1;30mDEBUG   [0m [34mrasa.engine.graph[0m  - Node 'nlu_message_converter' running 'NLUMessageConverter.convert_user_message'.
2026-07-21 10:35:56 [1;30mDEBUG   [0m [34mrasa.engine.graph[0m  - Node 'run_WhitespaceTokenizer0' running 'WhitespaceTokenizer.process'.
2026-07-21 10:35:56 [1;30mDEBUG   [0m [34mrasa.engine.graph[0m  - Node 'run_RegexFeaturizer1' running 'RegexFeaturizer.process'.
2026-07-21 10:35:56 [1;30mDEBUG   [0m [34mrasa.engine.graph[0m  - Node 'run_LexicalSyntacticFeaturizer2' running 'LexicalSyntacticFeaturizer.process'.
2026-07-21 10:35:56 [1;30mDEBUG   [0m [34mrasa.engine.graph[0m  - Node 'run_CountVectorsFeaturizer3' running 'CountVectorsFeaturizer.process'.
2026-07-21 10:35:56 [1;30mDEBUG   [0m [34mrasa.engine.graph[0m  - Node 'run_CountVectorsFeaturizer4' running 'CountVectorsFeaturizer.process'.
2026-07-21 10:35:56 [1;30mDEBUG   [0m [34mrasa.engine.graph[0m  - Node 'run_DIETClassifier5' running 'DIETClassifier.process'.
2026-07-21 10:35:56 [1;30mDEBUG   [0m [34mrasa.engine.graph[0m  - Node 'run_EntitySynonymMapper6' running 'EntitySynonymMapper.process'.
2026-07-21 10:35:56 [1;30mDEBUG   [0m [34mrasa.engine.graph[0m  - Node 'run_FallbackClassifier7' running 'FallbackClassifier.process'.
2026-07-21 10:35:56 [1;30mDEBUG   [0m [34mrasa.engine.graph[0m  - Node 'domain_provider' running 'DomainProvider.provide_inference'.
2026-07-21 10:35:56 [1;30mDEBUG   [0m [34mrasa.engine.graph[0m  - Node 'run_RegexMessageHandler' running 'RegexMessageHandler.process'.
2026-07-21 10:35:56 [1;30mDEBUG   [0m [34mrasa.core.processor[0m  - {"parse_data_text": "\u0627\u0644\u0623\u0648\u0644", "parse_data_intent": {"name": "select_product", "confidence": 1.0}, "parse_data_entities": [{"entity": "selected_index", "start": 0, "end": 5, "confidence_entity": 0.9991528987884521, "value": "\u0627\u0644\u0623\u0648\u0644", "extractor": "DIETClassifier", "processors": ["EntitySynonymMapper"]}], "event": "processor.message.parse", "level": "debug"}
2026-07-21 10:35:56 [1;30mDEBUG   [0m [34mrasa.core.processor[0m  - {"slot_values": "\tproduct_name: None\n\tfood_category: pizza\n\tsize: large\n\tquantity: None\n\tmax_price: None\n\tincluded_ingredients: None\n\texcluded_ingredients: ['\u0641\u0637\u0631']\n\tselected_index: None\n\tselected_product_id: None\n\tselected_product_name: None\n\tselected_product_details: None\n\tsearch_results: [{'id': 'pza_001', 'product_id': 'pza_001', 'variant_id': None, 'name': '\u0628\u064a\u062a\u0632\u0627 \u062f\u062c\u0627\u062c \u0643\u0628\u064a\u0631\u0629', 'category': None, 'description': None, 'price': 75000, 'currency': 'SYP', 'store_id': None, 'store_name': 'Falcon Pizza House', 'available': True, 'available_sizes': [], 'selected_size': None, 'ingredients': ['\u062f\u062c\u0627\u062c', '\u062c\u0628\u0646\u0629', '\u0635\u0644\u0635\u0629'], 'image_url': None}]\n\tdisplayed_product_ids: ['pza_001']\n\tresult_offset: 1\n\thas_more_results: False\n\tdialogue_stage: awaiting_selection\n\tawaiting_quantity: False\n\tawaiting_selection: True\n\tawaiting_cart_confirmation: False\n\tpending_action: None\n\tlast_requested_attribute: None\n\tprevious_search_filters: {'mode': 'search', 'product_name': '', 'food_category': 'pizza', 'size': 'large', 'quantity': 1, 'max_price': None, 'included_ingredients': [], 'excluded_ingredients': ['\u0641\u0637\u0631']}\n\tlast_bot_question: \u0627\u0643\u062a\u0628 \u00ab\u0627\u0644\u0623\u0648\u0644\u00bb \u0644\u0627\u062e\u062a\u064a\u0627\u0631\u0647\u060c \u0623\u0648 \u0642\u0644\u0651\u064a \u00ab\u0648\u0631\u062c\u064a\u0646\u064a \u063a\u064a\u0631\u0647\u00bb.\n\tcart_idempotency_key: None\n\tsession_started_metadata: None", "event": "processor.slots.log", "level": "debug"}
2026-07-21 10:35:56 [1;30mDEBUG   [0m [34mrasa.core.processor[0m  - Logged UserUtterance - tracker now has 34 events.
2026-07-21 10:35:56 [1;30mDEBUG   [0m [34mrasa.core.actions.action[0m  - Validating extracted slots: selected_index
2026-07-21 10:35:56 [1;30mDEBUG   [0m [34mrasa.core.processor[0m  - {"action_extract_slot": "action_extract_slots", "len_extraction_events": 1, "rasa_events": ["SlotSet(key: selected_index, value: \u0627\u0644\u0623\u0648\u0644)"], "event": "processor.extract.slots", "level": "debug"}
2026-07-21 10:35:56 [1;30mDEBUG   [0m [34mrasa.engine.runner.dask[0m  - Running graph with inputs: {'__tracker__': <rasa.shared.core.trackers.DialogueStateTracker object at 0x00000257F4845D50>}, targets: ['select_prediction'] and ExecutionContext(model_id='aecf59e519724d7085c5203ce38acf11', should_add_diagnostic_data=False, is_finetuning=False, node_name=None).
2026-07-21 10:35:56 [1;30mDEBUG   [0m [34mrasa.engine.graph[0m  - Node 'rule_only_data_provider' running 'RuleOnlyDataProvider.provide'.
2026-07-21 10:35:56 [1;30mDEBUG   [0m [34mrasa.engine.graph[0m  - Node 'domain_provider' running 'DomainProvider.provide_inference'.
2026-07-21 10:35:56 [1;30mDEBUG   [0m [34mrasa.engine.graph[0m  - Node 'run_MemoizationPolicy0' running 'MemoizationPolicy.predict_action_probabilities'.
2026-07-21 10:35:56 [1;30mDEBUG   [0m [34mrasa.core.policies.memoization[0m  - {"tracker_states": [{}, {"user": {"intent": "search_product", "entities": ["excluded_ingredient", "food_category", "size"]}, "prev_action": {"action_name": "action_listen"}}, {"user": {"intent": "search_product", "entities": ["excluded_ingredient", "food_category", "size"]}, "prev_action": {"action_name": "action_search_products"}}, {"user": {"intent": "select_product", "entities": ["selected_index"]}, "prev_action": {"action_name": "action_listen"}}], "event": "memoization.predict.actions", "level": "debug"}
2026-07-21 10:35:56 [1;30mDEBUG   [0m [34mrasa.core.policies.memoization[0m  - There is no memorised next action
2026-07-21 10:35:56 [1;30mDEBUG   [0m [34mrasa.engine.graph[0m  - Node 'run_RulePolicy1' running 'RulePolicy.predict_action_probabilities'.
2026-07-21 10:35:56 [1;30mDEBUG   [0m [34mrasa.core.policies.rule_policy[0m  - {"current_states": "\n[state 1] user intent: search_product | user entities: ('excluded_ingredient', 'food_category', 'size') | previous action name: action_listen\n[state 2] user intent: search_product | user entities: ('excluded_ingredient', 'food_category', 'size') | previous action name: action_search_products\n[state 3] user text: \u0627\u0644\u0623\u0648\u0644 | previous action name: action_listen", "event": "rule_policy.actions.find", "level": "debug"}
2026-07-21 10:35:56 [1;30mDEBUG   [0m [34mrasa.core.policies.rule_policy[0m  - There is no applicable rule.
2026-07-21 10:35:56 [1;30mDEBUG   [0m [34mrasa.core.policies.rule_policy[0m  - {"current_states": "\n[state 1] user intent: search_product | user entities: ('excluded_ingredient', 'food_category', 'size') | previous action name: action_listen\n[state 2] user intent: search_product | user entities: ('excluded_ingredient', 'food_category', 'size') | previous action name: action_search_products\n[state 3] user intent: select_product | user entities: ('selected_index',) | previous action name: action_listen", "event": "rule_policy.actions.find", "level": "debug"}
2026-07-21 10:35:56 [1;30mDEBUG   [0m [34mrasa.core.policies.rule_policy[0m  - There is a rule for the next action 'action_resolve_product_selection'.
2026-07-21 10:35:56 [1;30mDEBUG   [0m [34mrasa.engine.graph[0m  - Node 'run_TEDPolicy2' running 'TEDPolicy.predict_action_probabilities'.
2026-07-21 10:35:56 [1;30mDEBUG   [0m [34mrasa.core.policies.ted_policy[0m  - TED predicted 'action_resolve_product_selection' based on user intent.
2026-07-21 10:35:56 [1;30mDEBUG   [0m [34mrasa.engine.graph[0m  - Node 'select_prediction' running 'DefaultPolicyPredictionEnsemble.combine_predictions_from_kwargs'.
2026-07-21 10:35:56 [1;30mDEBUG   [0m [34mrasa.core.policies.ensemble[0m  - Made prediction using user intent.
2026-07-21 10:35:56 [1;30mDEBUG   [0m [34mrasa.core.policies.ensemble[0m  - Added `DefinePrevUserUtteredFeaturization(False)` event.
2026-07-21 10:35:56 [1;30mDEBUG   [0m [34mrasa.core.policies.ensemble[0m  - Predicted next action using RulePolicy.
2026-07-21 10:35:56 [1;30mDEBUG   [0m [34mrasa.core.processor[0m  - Predicted next action 'action_resolve_product_selection' with confidence 1.00.
2026-07-21 10:35:56 [1;30mDEBUG   [0m [34mrasa.core.actions.action[0m  - Calling action endpoint to run action 'action_resolve_product_selection'.
2026-07-21 10:35:56 [1;30mDEBUG   [0m [34mrasa.core.processor[0m  - {"prediction_events": ["<rasa.shared.core.events.DefinePrevUserUtteredFeaturization object at 0x00000257F23E72E0>"], "event": "processor.actions.policy_prediction", "level": "debug"}
2026-07-21 10:35:56 [1;30mDEBUG   [0m [34mrasa.core.processor[0m  - {"action_name": "action_resolve_product_selection", "rasa_events": ["BotUttered('\u062a\u0645\u0627\u0645\u060c \u0627\u062e\u062a\u0631\u062a \u0628\u064a\u062a\u0632\u0627 \u062f\u062c\u0627\u062c \u0643\u0628\u064a\u0631\u0629 \ud83d\udc4c\n\u0642\u062f\u064a\u0634 \u0628\u062f\u0643 \u0645\u0646\u0647\u0627\u061f', {\"elements\": null, \"quick_replies\": null, \"buttons\": null, \"attachment\": null, \"image\": null, \"custom\": null}, {}, 1784619356.8286881)", "SlotSet(key: selected_index, value: 1)", "SlotSet(key: selected_product_id, value: pza_001)", "SlotSet(key: selected_product_name, value: \u0628\u064a\u062a\u0632\u0627 \u062f\u062c\u0627\u062c \u0643\u0628\u064a\u0631\u0629)", "SlotSet(key: selected_product_details, value: {'id': 'pza_001', 'product_id': 'pza_001', 'variant_id': None, 'name': '\u0628\u064a\u062a\u0632\u0627 \u062f\u062c\u0627\u062c \u0643\u0628\u064a\u0631\u0629', 'category': None, 'description': None, 'price': 75000, 'currency': 'SYP', 'store_id': None, 'store_name': 'Falcon Pizza House', 'available': True, 'available_sizes': [], 'selected_size': None, 'ingredients': ['\u062f\u062c\u0627\u062c', '\u062c\u0628\u0646\u0629', '\u0635\u0644\u0635\u0629'], 'image_url': None})", "SlotSet(key: pending_action, value: {'type': 'add_to_cart', 'status': 'collect_quantity', 'product_id': 'pza_001', 'product_name': '\u0628\u064a\u062a\u0632\u0627 \u062f\u062c\u0627\u062c \u0643\u0628\u064a\u0631\u0629'})", "SlotSet(key: dialogue_stage, value: awaiting_quantity)", "SlotSet(key: awaiting_selection, value: False)", "SlotSet(key: awaiting_quantity, value: True)", "SlotSet(key: awaiting_cart_confirmation, value: False)", "SlotSet(key: last_bot_question, value: \u0642\u062f\u064a\u0634 \u0628\u062f\u0643 \u0645\u0646\u0647\u0627\u061f)"], "event": "processor.actions.log", "level": "debug"}
2026-07-21 10:35:56 [1;30mDEBUG   [0m [34mrasa.core.processor[0m  - {"slot_values": "\tproduct_name: None\n\tfood_category: pizza\n\tsize: large\n\tquantity: None\n\tmax_price: None\n\tincluded_ingredients: None\n\texcluded_ingredients: ['\u0641\u0637\u0631']\n\tselected_index: 1\n\tselected_product_id: pza_001\n\tselected_product_name: \u0628\u064a\u062a\u0632\u0627 \u062f\u062c\u0627\u062c \u0643\u0628\u064a\u0631\u0629\n\tselected_product_details: {'id': 'pza_001', 'product_id': 'pza_001', 'variant_id': None, 'name': '\u0628\u064a\u062a\u0632\u0627 \u062f\u062c\u0627\u062c \u0643\u0628\u064a\u0631\u0629', 'category': None, 'description': None, 'price': 75000, 'currency': 'SYP', 'store_id': None, 'store_name': 'Falcon Pizza House', 'available': True, 'available_sizes': [], 'selected_size': None, 'ingredients': ['\u062f\u062c\u0627\u062c', '\u062c\u0628\u0646\u0629', '\u0635\u0644\u0635\u0629'], 'image_url': None}\n\tsearch_results: [{'id': 'pza_001', 'product_id': 'pza_001', 'variant_id': None, 'name': '\u0628\u064a\u062a\u0632\u0627 \u062f\u062c\u0627\u062c \u0643\u0628\u064a\u0631\u0629', 'category': None, 'description': None, 'price': 75000, 'currency': 'SYP', 'store_id': None, 'store_name': 'Falcon Pizza House', 'available': True, 'available_sizes': [], 'selected_size': None, 'ingredients': ['\u062f\u062c\u0627\u062c', '\u062c\u0628\u0646\u0629', '\u0635\u0644\u0635\u0629'], 'image_url': None}]\n\tdisplayed_product_ids: ['pza_001']\n\tresult_offset: 1\n\thas_more_results: False\n\tdialogue_stage: awaiting_quantity\n\tawaiting_quantity: True\n\tawaiting_selection: False\n\tawaiting_cart_confirmation: False\n\tpending_action: {'type': 'add_to_cart', 'status': 'collect_quantity', 'product_id': 'pza_001', 'product_name': '\u0628\u064a\u062a\u0632\u0627 \u062f\u062c\u0627\u062c \u0643\u0628\u064a\u0631\u0629'}\n\tlast_requested_attribute: None\n\tprevious_search_filters: {'mode': 'search', 'product_name': '', 'food_category': 'pizza', 'size': 'large', 'quantity': 1, 'max_price': None, 'included_ingredients': [], 'excluded_ingredients': ['\u0641\u0637\u0631']}\n\tlast_bot_question: \u0642\u062f\u064a\u0634 \u0628\u062f\u0643 \u0645\u0646\u0647\u0627\u061f\n\tcart_idempotency_key: None\n\tsession_started_metadata: None", "event": "processor.slots.log", "level": "debug"}
2026-07-21 10:35:56 [1;30mDEBUG   [0m [34mrasa.engine.runner.dask[0m  - Running graph with inputs: {'__tracker__': <rasa.shared.core.trackers.DialogueStateTracker object at 0x00000257F4845D50>}, targets: ['select_prediction'] and ExecutionContext(model_id='aecf59e519724d7085c5203ce38acf11', should_add_diagnostic_data=False, is_finetuning=False, node_name=None).
2026-07-21 10:35:56 [1;30mDEBUG   [0m [34mrasa.engine.graph[0m  - Node 'rule_only_data_provider' running 'RuleOnlyDataProvider.provide'.
2026-07-21 10:35:56 [1;30mDEBUG   [0m [34mrasa.engine.graph[0m  - Node 'domain_provider' running 'DomainProvider.provide_inference'.
2026-07-21 10:35:56 [1;30mDEBUG   [0m [34mrasa.engine.graph[0m  - Node 'run_MemoizationPolicy0' running 'MemoizationPolicy.predict_action_probabilities'.
2026-07-21 10:35:56 [1;30mDEBUG   [0m [34mrasa.core.policies.memoization[0m  - {"tracker_states": [{}, {"user": {"intent": "search_product", "entities": ["excluded_ingredient", "food_category", "size"]}, "prev_action": {"action_name": "action_listen"}}, {"user": {"intent": "search_product", "entities": ["excluded_ingredient", "food_category", "size"]}, "prev_action": {"action_name": "action_search_products"}}, {"user": {"intent": "select_product", "entities": ["selected_index"]}, "prev_action": {"action_name": "action_listen"}}, {"user": {"intent": "select_product", "entities": ["selected_index"]}, "prev_action": {"action_name": "action_resolve_product_selection"}}], "event": "memoization.predict.actions", "level": "debug"}
2026-07-21 10:35:56 [1;30mDEBUG   [0m [34mrasa.core.policies.memoization[0m  - There is no memorised next action
2026-07-21 10:35:56 [1;30mDEBUG   [0m [34mrasa.engine.graph[0m  - Node 'run_RulePolicy1' running 'RulePolicy.predict_action_probabilities'.
2026-07-21 10:35:56 [1;30mDEBUG   [0m [34mrasa.core.policies.rule_policy[0m  - {"current_states": "\n[state 1] user intent: search_product | user entities: ('excluded_ingredient', 'food_category', 'size') | previous action name: action_listen\n[state 2] user intent: search_product | user entities: ('excluded_ingredient', 'food_category', 'size') | previous action name: action_search_products\n[state 3] user intent: select_product | user entities: ('selected_index',) | previous action name: action_listen\n[state 4] user intent: select_product | user entities: ('selected_index',) | previous action name: action_resolve_product_selection", "event": "rule_policy.actions.find", "level": "debug"}
2026-07-21 10:35:56 [1;30mDEBUG   [0m [34mrasa.core.policies.rule_policy[0m  - There is a rule for the next action 'action_listen'.
2026-07-21 10:35:56 [1;30mDEBUG   [0m [34mrasa.engine.graph[0m  - Node 'run_TEDPolicy2' running 'TEDPolicy.predict_action_probabilities'.
2026-07-21 10:35:56 [1;30mDEBUG   [0m [34mrasa.core.policies.ted_policy[0m  - TED predicted 'action_listen' based on user intent.
2026-07-21 10:35:56 [1;30mDEBUG   [0m [34mrasa.engine.graph[0m  - Node 'select_prediction' running 'DefaultPolicyPredictionEnsemble.combine_predictions_from_kwargs'.
2026-07-21 10:35:56 [1;30mDEBUG   [0m [34mrasa.core.policies.ensemble[0m  - Predicted next action using RulePolicy.
2026-07-21 10:35:56 [1;30mDEBUG   [0m [34mrasa.core.processor[0m  - Predicted next action 'action_listen' with confidence 1.00.
2026-07-21 10:35:56 [1;30mDEBUG   [0m [34mrasa.core.processor[0m  - {"prediction_events": [], "event": "processor.actions.policy_prediction", "level": "debug"}
2026-07-21 10:35:56 [1;30mDEBUG   [0m [34mrasa.core.processor[0m  - {"action_name": "action_listen", "rasa_events": [], "event": "processor.actions.log", "level": "debug"}
2026-07-21 10:35:56 [1;30mDEBUG   [0m [34mrasa.core.tracker_store[0m  - No event broker configured. Skipping streaming events.
2026-07-21 10:35:56 [1;30mDEBUG   [0m [34mrasa.core.lock_store[0m  - Deleted lock for conversation 'live-runtime-final'.
2026-07-21 10:35:57 [1;30mDEBUG   [0m [34mrasa.core.tracker_store[0m  - Recreating tracker for id 'live-runtime-final'
2026-07-21 10:35:57 [1;30mDEBUG   [0m [34mrasa.core.lock_store[0m  - Issuing ticket for conversation 'live-runtime-final'.
2026-07-21 10:35:57 [1;30mDEBUG   [0m [34mrasa.core.lock_store[0m  - Acquiring lock for conversation 'live-runtime-final'.
2026-07-21 10:35:57 [1;30mDEBUG   [0m [34mrasa.core.lock_store[0m  - Acquired lock for conversation 'live-runtime-final'.
2026-07-21 10:35:57 [1;30mDEBUG   [0m [34mrasa.core.tracker_store[0m  - Recreating tracker for id 'live-runtime-final'
2026-07-21 10:35:57 [1;30mDEBUG   [0m [34mrasa.engine.runner.dask[0m  - Running graph with inputs: {'__message__': [<rasa.core.channels.channel.UserMessage object at 0x00000257F48467A0>], '__tracker__': <rasa.shared.core.trackers.DialogueStateTracker object at 0x00000257F4844730>}, targets: ['run_RegexMessageHandler'] and ExecutionContext(model_id='aecf59e519724d7085c5203ce38acf11', should_add_diagnostic_data=False, is_finetuning=False, node_name=None).
2026-07-21 10:35:57 [1;30mDEBUG   [0m [34mrasa.engine.graph[0m  - Node 'nlu_message_converter' running 'NLUMessageConverter.convert_user_message'.
2026-07-21 10:35:57 [1;30mDEBUG   [0m [34mrasa.engine.graph[0m  - Node 'run_WhitespaceTokenizer0' running 'WhitespaceTokenizer.process'.
2026-07-21 10:35:57 [1;30mDEBUG   [0m [34mrasa.engine.graph[0m  - Node 'run_RegexFeaturizer1' running 'RegexFeaturizer.process'.
2026-07-21 10:35:57 [1;30mDEBUG   [0m [34mrasa.engine.graph[0m  - Node 'run_LexicalSyntacticFeaturizer2' running 'LexicalSyntacticFeaturizer.process'.
2026-07-21 10:35:57 [1;30mDEBUG   [0m [34mrasa.engine.graph[0m  - Node 'run_CountVectorsFeaturizer3' running 'CountVectorsFeaturizer.process'.
2026-07-21 10:35:57 [1;30mDEBUG   [0m [34mrasa.engine.graph[0m  - Node 'run_CountVectorsFeaturizer4' running 'CountVectorsFeaturizer.process'.
2026-07-21 10:35:57 [1;30mDEBUG   [0m [34mrasa.engine.graph[0m  - Node 'run_DIETClassifier5' running 'DIETClassifier.process'.
2026-07-21 10:35:57 [1;30mDEBUG   [0m [34mrasa.engine.graph[0m  - Node 'run_EntitySynonymMapper6' running 'EntitySynonymMapper.process'.
2026-07-21 10:35:57 [1;30mDEBUG   [0m [34mrasa.engine.graph[0m  - Node 'run_FallbackClassifier7' running 'FallbackClassifier.process'.
2026-07-21 10:35:57 [1;30mDEBUG   [0m [34mrasa.engine.graph[0m  - Node 'domain_provider' running 'DomainProvider.provide_inference'.
2026-07-21 10:35:57 [1;30mDEBUG   [0m [34mrasa.engine.graph[0m  - Node 'run_RegexMessageHandler' running 'RegexMessageHandler.process'.
2026-07-21 10:35:57 [1;30mDEBUG   [0m [34mrasa.core.processor[0m  - {"parse_data_text": "2", "parse_data_intent": {"name": "select_product", "confidence": 1.0}, "parse_data_entities": [{"entity": "selected_index", "start": 0, "end": 1, "confidence_entity": 0.9994679093360901, "value": "2", "extractor": "DIETClassifier", "processors": ["EntitySynonymMapper"]}], "event": "processor.message.parse", "level": "debug"}
2026-07-21 10:35:57 [1;30mDEBUG   [0m [34mrasa.core.processor[0m  - {"slot_values": "\tproduct_name: None\n\tfood_category: pizza\n\tsize: large\n\tquantity: None\n\tmax_price: None\n\tincluded_ingredients: None\n\texcluded_ingredients: ['\u0641\u0637\u0631']\n\tselected_index: 1\n\tselected_product_id: pza_001\n\tselected_product_name: \u0628\u064a\u062a\u0632\u0627 \u062f\u062c\u0627\u062c \u0643\u0628\u064a\u0631\u0629\n\tselected_product_details: {'id': 'pza_001', 'product_id': 'pza_001', 'variant_id': None, 'name': '\u0628\u064a\u062a\u0632\u0627 \u062f\u062c\u0627\u062c \u0643\u0628\u064a\u0631\u0629', 'category': None, 'description': None, 'price': 75000, 'currency': 'SYP', 'store_id': None, 'store_name': 'Falcon Pizza House', 'available': True, 'available_sizes': [], 'selected_size': None, 'ingredients': ['\u062f\u062c\u0627\u062c', '\u062c\u0628\u0646\u0629', '\u0635\u0644\u0635\u0629'], 'image_url': None}\n\tsearch_results: [{'id': 'pza_001', 'product_id': 'pza_001', 'variant_id': None, 'name': '\u0628\u064a\u062a\u0632\u0627 \u062f\u062c\u0627\u062c \u0643\u0628\u064a\u0631\u0629', 'category': None, 'description': None, 'price': 75000, 'currency': 'SYP', 'store_id': None, 'store_name': 'Falcon Pizza House', 'available': True, 'available_sizes': [], 'selected_size': None, 'ingredients': ['\u062f\u062c\u0627\u062c', '\u062c\u0628\u0646\u0629', '\u0635\u0644\u0635\u0629'], 'image_url': None}]\n\tdisplayed_product_ids: ['pza_001']\n\tresult_offset: 1\n\thas_more_results: False\n\tdialogue_stage: awaiting_quantity\n\tawaiting_quantity: True\n\tawaiting_selection: False\n\tawaiting_cart_confirmation: False\n\tpending_action: {'type': 'add_to_cart', 'status': 'collect_quantity', 'product_id': 'pza_001', 'product_name': '\u0628\u064a\u062a\u0632\u0627 \u062f\u062c\u0627\u062c \u0643\u0628\u064a\u0631\u0629'}\n\tlast_requested_attribute: None\n\tprevious_search_filters: {'mode': 'search', 'product_name': '', 'food_category': 'pizza', 'size': 'large', 'quantity': 1, 'max_price': None, 'included_ingredients': [], 'excluded_ingredients': ['\u0641\u0637\u0631']}\n\tlast_bot_question: \u0642\u062f\u064a\u0634 \u0628\u062f\u0643 \u0645\u0646\u0647\u0627\u061f\n\tcart_idempotency_key: None\n\tsession_started_metadata: None", "event": "processor.slots.log", "level": "debug"}
2026-07-21 10:35:57 [1;30mDEBUG   [0m [34mrasa.core.processor[0m  - Logged UserUtterance - tracker now has 50 events.
2026-07-21 10:35:57 [1;30mDEBUG   [0m [34mrasa.core.actions.action[0m  - Validating extracted slots: selected_index
2026-07-21 10:35:57 [1;30mDEBUG   [0m [34mrasa.core.processor[0m  - {"action_extract_slot": "action_extract_slots", "len_extraction_events": 1, "rasa_events": ["SlotSet(key: selected_index, value: 2)"], "event": "processor.extract.slots", "level": "debug"}
2026-07-21 10:35:57 [1;30mDEBUG   [0m [34mrasa.engine.runner.dask[0m  - Running graph with inputs: {'__tracker__': <rasa.shared.core.trackers.DialogueStateTracker object at 0x00000257F4844730>}, targets: ['select_prediction'] and ExecutionContext(model_id='aecf59e519724d7085c5203ce38acf11', should_add_diagnostic_data=False, is_finetuning=False, node_name=None).
2026-07-21 10:35:57 [1;30mDEBUG   [0m [34mrasa.engine.graph[0m  - Node 'rule_only_data_provider' running 'RuleOnlyDataProvider.provide'.
2026-07-21 10:35:57 [1;30mDEBUG   [0m [34mrasa.engine.graph[0m  - Node 'domain_provider' running 'DomainProvider.provide_inference'.
2026-07-21 10:35:57 [1;30mDEBUG   [0m [34mrasa.engine.graph[0m  - Node 'run_MemoizationPolicy0' running 'MemoizationPolicy.predict_action_probabilities'.
2026-07-21 10:35:57 [1;30mDEBUG   [0m [34mrasa.core.policies.memoization[0m  - {"tracker_states": [{}, {"user": {"intent": "search_product", "entities": ["excluded_ingredient", "food_category", "size"]}, "prev_action": {"action_name": "action_listen"}}, {"user": {"intent": "search_product", "entities": ["excluded_ingredient", "food_category", "size"]}, "prev_action": {"action_name": "action_search_products"}}, {"user": {"intent": "select_product", "entities": ["selected_index"]}, "prev_action": {"action_name": "action_listen"}}, {"user": {"intent": "select_product", "entities": ["selected_index"]}, "prev_action": {"action_name": "action_resolve_product_selection"}}, {"user": {"intent": "select_product", "entities": ["selected_index"]}, "prev_action": {"action_name": "action_listen"}}], "event": "memoization.predict.actions", "level": "debug"}
2026-07-21 10:35:57 [1;30mDEBUG   [0m [34mrasa.core.policies.memoization[0m  - There is no memorised next action
2026-07-21 10:35:57 [1;30mDEBUG   [0m [34mrasa.engine.graph[0m  - Node 'run_RulePolicy1' running 'RulePolicy.predict_action_probabilities'.
2026-07-21 10:35:57 [1;30mDEBUG   [0m [34mrasa.core.policies.rule_policy[0m  - {"current_states": "\n[state 1] user intent: search_product | user entities: ('excluded_ingredient', 'food_category', 'size') | previous action name: action_listen\n[state 2] user intent: search_product | user entities: ('excluded_ingredient', 'food_category', 'size') | previous action name: action_search_products\n[state 3] user intent: select_product | user entities: ('selected_index',) | previous action name: action_listen\n[state 4] user intent: select_product | user entities: ('selected_index',) | previous action name: action_resolve_product_selection\n[state 5] user text: 2 | previous action name: action_listen", "event": "rule_policy.actions.find", "level": "debug"}
2026-07-21 10:35:57 [1;30mDEBUG   [0m [34mrasa.core.policies.rule_policy[0m  - There is no applicable rule.
2026-07-21 10:35:57 [1;30mDEBUG   [0m [34mrasa.core.policies.rule_policy[0m  - {"current_states": "\n[state 1] user intent: search_product | user entities: ('excluded_ingredient', 'food_category', 'size') | previous action name: action_listen\n[state 2] user intent: search_product | user entities: ('excluded_ingredient', 'food_category', 'size') | previous action name: action_search_products\n[state 3] user intent: select_product | user entities: ('selected_index',) | previous action name: action_listen\n[state 4] user intent: select_product | user entities: ('selected_index',) | previous action name: action_resolve_product_selection\n[state 5] user intent: select_product | user entities: ('selected_index',) | previous action name: action_listen", "event": "rule_policy.actions.find", "level": "debug"}
2026-07-21 10:35:57 [1;30mDEBUG   [0m [34mrasa.core.policies.rule_policy[0m  - There is a rule for the next action 'action_resolve_product_selection'.
2026-07-21 10:35:57 [1;30mDEBUG   [0m [34mrasa.engine.graph[0m  - Node 'run_TEDPolicy2' running 'TEDPolicy.predict_action_probabilities'.
2026-07-21 10:35:57 [1;30mDEBUG   [0m [34mrasa.core.policies.ted_policy[0m  - TED predicted 'action_resolve_product_selection' based on user intent.
2026-07-21 10:35:57 [1;30mDEBUG   [0m [34mrasa.engine.graph[0m  - Node 'select_prediction' running 'DefaultPolicyPredictionEnsemble.combine_predictions_from_kwargs'.
2026-07-21 10:35:57 [1;30mDEBUG   [0m [34mrasa.core.policies.ensemble[0m  - Made prediction using user intent.
2026-07-21 10:35:57 [1;30mDEBUG   [0m [34mrasa.core.policies.ensemble[0m  - Added `DefinePrevUserUtteredFeaturization(False)` event.
2026-07-21 10:35:57 [1;30mDEBUG   [0m [34mrasa.core.policies.ensemble[0m  - Predicted next action using RulePolicy.
2026-07-21 10:35:57 [1;30mDEBUG   [0m [34mrasa.core.processor[0m  - Predicted next action 'action_resolve_product_selection' with confidence 1.00.
2026-07-21 10:35:57 [1;30mDEBUG   [0m [34mrasa.core.actions.action[0m  - Calling action endpoint to run action 'action_resolve_product_selection'.
2026-07-21 10:35:57 [1;30mDEBUG   [0m [34mrasa.core.processor[0m  - {"prediction_events": ["<rasa.shared.core.events.DefinePrevUserUtteredFeaturization object at 0x00000257F23E56F0>"], "event": "processor.actions.policy_prediction", "level": "debug"}
2026-07-21 10:35:57 [1;30mDEBUG   [0m [34mrasa.core.processor[0m  - {"action_name": "action_resolve_product_selection", "rasa_events": ["BotUttered('\u062a\u0645\u0627\u0645\u060c \u0637\u0644\u0628\u0643 \u0627\u0644\u062a\u062c\u0631\u064a\u0628\u064a:\n\u0628\u064a\u062a\u0632\u0627 \u062f\u062c\u0627\u062c \u0643\u0628\u064a\u0631\u0629\n\u0627\u0644\u0643\u0645\u064a\u0629: 2\n\u0627\u0644\u0645\u062c\u0645\u0648\u0639 \u0627\u0644\u062a\u0642\u0631\u064a\u0628\u064a: 150,000 \u0644.\u0633\n\n\u0623\u0636\u064a\u0641\u0647\u0627 \u0625\u0644\u0649 \u0627\u0644\u0633\u0644\u0629 \u0627\u0644\u062a\u062c\u0631\u064a\u0628\u064a\u0629\u061f', {\"elements\": null, \"quick_replies\": null, \"buttons\": null, \"attachment\": null, \"image\": null, \"custom\": null}, {}, 1784619357.488297)", "SlotSet(key: selected_index, value: None)", "SlotSet(key: quantity, value: 2)", "SlotSet(key: pending_action, value: {'type': 'add_to_cart', 'status': 'confirm_cart', 'product_id': 'pza_001', 'product_name': '\u0628\u064a\u062a\u0632\u0627 \u062f\u062c\u0627\u062c \u0643\u0628\u064a\u0631\u0629', 'quantity': 2})", "SlotSet(key: dialogue_stage, value: awaiting_cart_confirmation)", "SlotSet(key: awaiting_selection, value: False)", "SlotSet(key: awaiting_quantity, value: False)", "SlotSet(key: awaiting_cart_confirmation, value: True)", "SlotSet(key: last_bot_question, value: \u0623\u0636\u064a\u0641\u0647\u0627 \u0625\u0644\u0649 \u0627\u0644\u0633\u0644\u0629 \u0627\u0644\u062a\u062c\u0631\u064a\u0628\u064a\u0629\u061f)"], "event": "processor.actions.log", "level": "debug"}
2026-07-21 10:35:57 [1;30mDEBUG   [0m [34mrasa.core.processor[0m  - {"slot_values": "\tproduct_name: None\n\tfood_category: pizza\n\tsize: large\n\tquantity: 2\n\tmax_price: None\n\tincluded_ingredients: None\n\texcluded_ingredients: ['\u0641\u0637\u0631']\n\tselected_index: None\n\tselected_product_id: pza_001\n\tselected_product_name: \u0628\u064a\u062a\u0632\u0627 \u062f\u062c\u0627\u062c \u0643\u0628\u064a\u0631\u0629\n\tselected_product_details: {'id': 'pza_001', 'product_id': 'pza_001', 'variant_id': None, 'name': '\u0628\u064a\u062a\u0632\u0627 \u062f\u062c\u0627\u062c \u0643\u0628\u064a\u0631\u0629', 'category': None, 'description': None, 'price': 75000, 'currency': 'SYP', 'store_id': None, 'store_name': 'Falcon Pizza House', 'available': True, 'available_sizes': [], 'selected_size': None, 'ingredients': ['\u062f\u062c\u0627\u062c', '\u062c\u0628\u0646\u0629', '\u0635\u0644\u0635\u0629'], 'image_url': None}\n\tsearch_results: [{'id': 'pza_001', 'product_id': 'pza_001', 'variant_id': None, 'name': '\u0628\u064a\u062a\u0632\u0627 \u062f\u062c\u0627\u062c \u0643\u0628\u064a\u0631\u0629', 'category': None, 'description': None, 'price': 75000, 'currency': 'SYP', 'store_id': None, 'store_name': 'Falcon Pizza House', 'available': True, 'available_sizes': [], 'selected_size': None, 'ingredients': ['\u062f\u062c\u0627\u062c', '\u062c\u0628\u0646\u0629', '\u0635\u0644\u0635\u0629'], 'image_url': None}]\n\tdisplayed_product_ids: ['pza_001']\n\tresult_offset: 1\n\thas_more_results: False\n\tdialogue_stage: awaiting_cart_confirmation\n\tawaiting_quantity: False\n\tawaiting_selection: False\n\tawaiting_cart_confirmation: True\n\tpending_action: {'type': 'add_to_cart', 'status': 'confirm_cart', 'product_id': 'pza_001', 'product_name': '\u0628\u064a\u062a\u0632\u0627 \u062f\u062c\u0627\u062c \u0643\u0628\u064a\u0631\u0629', 'quantity': 2}\n\tlast_requested_attribute: None\n\tprevious_search_filters: {'mode': 'search', 'product_name': '', 'food_category': 'pizza', 'size': 'large', 'quantity': 1, 'max_price': None, 'included_ingredients': [], 'excluded_ingredients': ['\u0641\u0637\u0631']}\n\tlast_bot_question: \u0623\u0636\u064a\u0641\u0647\u0627 \u0625\u0644\u0649 \u0627\u0644\u0633\u0644\u0629 \u0627\u0644\u062a\u062c\u0631\u064a\u0628\u064a\u0629\u061f\n\tcart_idempotency_key: None\n\tsession_started_metadata: None", "event": "processor.slots.log", "level": "debug"}
2026-07-21 10:35:57 [1;30mDEBUG   [0m [34mrasa.engine.runner.dask[0m  - Running graph with inputs: {'__tracker__': <rasa.shared.core.trackers.DialogueStateTracker object at 0x00000257F4844730>}, targets: ['select_prediction'] and ExecutionContext(model_id='aecf59e519724d7085c5203ce38acf11', should_add_diagnostic_data=False, is_finetuning=False, node_name=None).
2026-07-21 10:35:57 [1;30mDEBUG   [0m [34mrasa.engine.graph[0m  - Node 'rule_only_data_provider' running 'RuleOnlyDataProvider.provide'.
2026-07-21 10:35:57 [1;30mDEBUG   [0m [34mrasa.engine.graph[0m  - Node 'domain_provider' running 'DomainProvider.provide_inference'.
2026-07-21 10:35:57 [1;30mDEBUG   [0m [34mrasa.engine.graph[0m  - Node 'run_MemoizationPolicy0' running 'MemoizationPolicy.predict_action_probabilities'.
2026-07-21 10:35:57 [1;30mDEBUG   [0m [34mrasa.core.policies.memoization[0m  - {"tracker_states": [{}, {"user": {"intent": "search_product", "entities": ["excluded_ingredient", "food_category", "size"]}, "prev_action": {"action_name": "action_listen"}}, {"user": {"intent": "search_product", "entities": ["excluded_ingredient", "food_category", "size"]}, "prev_action": {"action_name": "action_search_products"}}, {"user": {"intent": "select_product", "entities": ["selected_index"]}, "prev_action": {"action_name": "action_listen"}}, {"user": {"intent": "select_product", "entities": ["selected_index"]}, "prev_action": {"action_name": "action_resolve_product_selection"}}, {"user": {"intent": "select_product", "entities": ["selected_index"]}, "prev_action": {"action_name": "action_listen"}}, {"user": {"intent": "select_product", "entities": ["selected_index"]}, "prev_action": {"action_name": "action_resolve_product_selection"}}], "event": "memoization.predict.actions", "level": "debug"}
2026-07-21 10:35:57 [1;30mDEBUG   [0m [34mrasa.core.policies.memoization[0m  - There is no memorised next action
2026-07-21 10:35:57 [1;30mDEBUG   [0m [34mrasa.engine.graph[0m  - Node 'run_RulePolicy1' running 'RulePolicy.predict_action_probabilities'.
2026-07-21 10:35:57 [1;30mDEBUG   [0m [34mrasa.core.policies.rule_policy[0m  - {"current_states": "\n[state 1] user intent: search_product | user entities: ('excluded_ingredient', 'food_category', 'size') | previous action name: action_listen\n[state 2] user intent: search_product | user entities: ('excluded_ingredient', 'food_category', 'size') | previous action name: action_search_products\n[state 3] user intent: select_product | user entities: ('selected_index',) | previous action name: action_listen\n[state 4] user intent: select_product | user entities: ('selected_index',) | previous action name: action_resolve_product_selection\n[state 5] user intent: select_product | user entities: ('selected_index',) | previous action name: action_listen\n[state 6] user intent: select_product | user entities: ('selected_index',) | previous action name: action_resolve_product_selection", "event": "rule_policy.actions.find", "level": "debug"}
2026-07-21 10:35:57 [1;30mDEBUG   [0m [34mrasa.core.policies.rule_policy[0m  - There is a rule for the next action 'action_listen'.
2026-07-21 10:35:57 [1;30mDEBUG   [0m [34mrasa.engine.graph[0m  - Node 'run_TEDPolicy2' running 'TEDPolicy.predict_action_probabilities'.
2026-07-21 10:35:57 [1;30mDEBUG   [0m [34mrasa.core.policies.ted_policy[0m  - TED predicted 'action_listen' based on user intent.
2026-07-21 10:35:57 [1;30mDEBUG   [0m [34mrasa.engine.graph[0m  - Node 'select_prediction' running 'DefaultPolicyPredictionEnsemble.combine_predictions_from_kwargs'.
2026-07-21 10:35:57 [1;30mDEBUG   [0m [34mrasa.core.policies.ensemble[0m  - Predicted next action using RulePolicy.
2026-07-21 10:35:57 [1;30mDEBUG   [0m [34mrasa.core.processor[0m  - Predicted next action 'action_listen' with confidence 1.00.
2026-07-21 10:35:57 [1;30mDEBUG   [0m [34mrasa.core.processor[0m  - {"prediction_events": [], "event": "processor.actions.policy_prediction", "level": "debug"}
2026-07-21 10:35:57 [1;30mDEBUG   [0m [34mrasa.core.processor[0m  - {"action_name": "action_listen", "rasa_events": [], "event": "processor.actions.log", "level": "debug"}
2026-07-21 10:35:57 [1;30mDEBUG   [0m [34mrasa.core.tracker_store[0m  - No event broker configured. Skipping streaming events.
2026-07-21 10:35:57 [1;30mDEBUG   [0m [34mrasa.core.lock_store[0m  - Deleted lock for conversation 'live-runtime-final'.
2026-07-21 10:35:58 [1;30mDEBUG   [0m [34mrasa.core.tracker_store[0m  - Recreating tracker for id 'live-runtime-final'
2026-07-21 10:35:58 [1;30mDEBUG   [0m [34mrasa.core.lock_store[0m  - Issuing ticket for conversation 'live-runtime-final'.
2026-07-21 10:35:58 [1;30mDEBUG   [0m [34mrasa.core.lock_store[0m  - Acquiring lock for conversation 'live-runtime-final'.
2026-07-21 10:35:58 [1;30mDEBUG   [0m [34mrasa.core.lock_store[0m  - Acquired lock for conversation 'live-runtime-final'.
2026-07-21 10:35:58 [1;30mDEBUG   [0m [34mrasa.core.tracker_store[0m  - Recreating tracker for id 'live-runtime-final'
2026-07-21 10:35:58 [1;30mDEBUG   [0m [34mrasa.engine.runner.dask[0m  - Running graph with inputs: {'__message__': [<rasa.core.channels.channel.UserMessage object at 0x00000257F4844A90>], '__tracker__': <rasa.shared.core.trackers.DialogueStateTracker object at 0x00000257F4846D10>}, targets: ['run_RegexMessageHandler'] and ExecutionContext(model_id='aecf59e519724d7085c5203ce38acf11', should_add_diagnostic_data=False, is_finetuning=False, node_name=None).
2026-07-21 10:35:58 [1;30mDEBUG   [0m [34mrasa.engine.graph[0m  - Node 'nlu_message_converter' running 'NLUMessageConverter.convert_user_message'.
2026-07-21 10:35:58 [1;30mDEBUG   [0m [34mrasa.engine.graph[0m  - Node 'run_WhitespaceTokenizer0' running 'WhitespaceTokenizer.process'.
2026-07-21 10:35:58 [1;30mDEBUG   [0m [34mrasa.engine.graph[0m  - Node 'run_RegexFeaturizer1' running 'RegexFeaturizer.process'.
2026-07-21 10:35:58 [1;30mDEBUG   [0m [34mrasa.engine.graph[0m  - Node 'run_LexicalSyntacticFeaturizer2' running 'LexicalSyntacticFeaturizer.process'.
2026-07-21 10:35:58 [1;30mDEBUG   [0m [34mrasa.engine.graph[0m  - Node 'run_CountVectorsFeaturizer3' running 'CountVectorsFeaturizer.process'.
2026-07-21 10:35:58 [1;30mDEBUG   [0m [34mrasa.engine.graph[0m  - Node 'run_CountVectorsFeaturizer4' running 'CountVectorsFeaturizer.process'.
2026-07-21 10:35:58 [1;30mDEBUG   [0m [34mrasa.engine.graph[0m  - Node 'run_DIETClassifier5' running 'DIETClassifier.process'.
2026-07-21 10:35:58 [1;30mDEBUG   [0m [34mrasa.engine.graph[0m  - Node 'run_EntitySynonymMapper6' running 'EntitySynonymMapper.process'.
2026-07-21 10:35:58 [1;30mDEBUG   [0m [34mrasa.engine.graph[0m  - Node 'run_FallbackClassifier7' running 'FallbackClassifier.process'.
2026-07-21 10:35:58 [1;30mDEBUG   [0m [34mrasa.engine.graph[0m  - Node 'domain_provider' running 'DomainProvider.provide_inference'.
2026-07-21 10:35:58 [1;30mDEBUG   [0m [34mrasa.engine.graph[0m  - Node 'run_RegexMessageHandler' running 'RegexMessageHandler.process'.
2026-07-21 10:35:58 [1;30mDEBUG   [0m [34mrasa.core.processor[0m  - {"parse_data_text": "\u0646\u0639\u0645", "parse_data_intent": {"name": "affirm", "confidence": 0.9972570538520813}, "parse_data_entities": [], "event": "processor.message.parse", "level": "debug"}
2026-07-21 10:35:58 [1;30mDEBUG   [0m [34mrasa.core.processor[0m  - Logged UserUtterance - tracker now has 64 events.
2026-07-21 10:35:58 [1;30mDEBUG   [0m [34mrasa.core.actions.action[0m  - Validating extracted slots: 
2026-07-21 10:35:58 [1;30mDEBUG   [0m [34mrasa.core.processor[0m  - {"action_extract_slot": "action_extract_slots", "len_extraction_events": 0, "rasa_events": [], "event": "processor.extract.slots", "level": "debug"}
2026-07-21 10:35:58 [1;30mDEBUG   [0m [34mrasa.engine.runner.dask[0m  - Running graph with inputs: {'__tracker__': <rasa.shared.core.trackers.DialogueStateTracker object at 0x00000257F4846D10>}, targets: ['select_prediction'] and ExecutionContext(model_id='aecf59e519724d7085c5203ce38acf11', should_add_diagnostic_data=False, is_finetuning=False, node_name=None).
2026-07-21 10:35:58 [1;30mDEBUG   [0m [34mrasa.engine.graph[0m  - Node 'rule_only_data_provider' running 'RuleOnlyDataProvider.provide'.
2026-07-21 10:35:58 [1;30mDEBUG   [0m [34mrasa.engine.graph[0m  - Node 'domain_provider' running 'DomainProvider.provide_inference'.
2026-07-21 10:35:58 [1;30mDEBUG   [0m [34mrasa.engine.graph[0m  - Node 'run_MemoizationPolicy0' running 'MemoizationPolicy.predict_action_probabilities'.
2026-07-21 10:35:58 [1;30mDEBUG   [0m [34mrasa.core.policies.memoization[0m  - {"tracker_states": [{}, {"user": {"intent": "search_product", "entities": ["excluded_ingredient", "food_category", "size"]}, "prev_action": {"action_name": "action_listen"}}, {"user": {"intent": "search_product", "entities": ["excluded_ingredient", "food_category", "size"]}, "prev_action": {"action_name": "action_search_products"}}, {"user": {"intent": "select_product", "entities": ["selected_index"]}, "prev_action": {"action_name": "action_listen"}}, {"user": {"intent": "select_product", "entities": ["selected_index"]}, "prev_action": {"action_name": "action_resolve_product_selection"}}, {"user": {"intent": "select_product", "entities": ["selected_index"]}, "prev_action": {"action_name": "action_listen"}}, {"user": {"intent": "select_product", "entities": ["selected_index"]}, "prev_action": {"action_name": "action_resolve_product_selection"}}, {"user": {"intent": "affirm"}, "prev_action": {"action_name": "action_listen"}}], "event": "memoization.predict.actions", "level": "debug"}
2026-07-21 10:35:58 [1;30mDEBUG   [0m [34mrasa.core.policies.memoization[0m  - There is no memorised next action
2026-07-21 10:35:58 [1;30mDEBUG   [0m [34mrasa.engine.graph[0m  - Node 'run_RulePolicy1' running 'RulePolicy.predict_action_probabilities'.
2026-07-21 10:35:58 [1;30mDEBUG   [0m [34mrasa.core.policies.rule_policy[0m  - {"current_states": "\n[state 1] user intent: search_product | user entities: ('excluded_ingredient', 'food_category', 'size') | previous action name: action_listen\n[state 2] user intent: search_product | user entities: ('excluded_ingredient', 'food_category', 'size') | previous action name: action_search_products\n[state 3] user intent: select_product | user entities: ('selected_index',) | previous action name: action_listen\n[state 4] user intent: select_product | user entities: ('selected_index',) | previous action name: action_resolve_product_selection\n[state 5] user intent: select_product | user entities: ('selected_index',) | previous action name: action_listen\n[state 6] user intent: select_product | user entities: ('selected_index',) | previous action name: action_resolve_product_selection\n[state 7] user text: \u0646\u0639\u0645 | previous action name: action_listen", "event": "rule_policy.actions.find", "level": "debug"}
2026-07-21 10:35:58 [1;30mDEBUG   [0m [34mrasa.core.policies.rule_policy[0m  - There is no applicable rule.
2026-07-21 10:35:58 [1;30mDEBUG   [0m [34mrasa.core.policies.rule_policy[0m  - {"current_states": "\n[state 1] user intent: search_product | user entities: ('excluded_ingredient', 'food_category', 'size') | previous action name: action_listen\n[state 2] user intent: search_product | user entities: ('excluded_ingredient', 'food_category', 'size') | previous action name: action_search_products\n[state 3] user intent: select_product | user entities: ('selected_index',) | previous action name: action_listen\n[state 4] user intent: select_product | user entities: ('selected_index',) | previous action name: action_resolve_product_selection\n[state 5] user intent: select_product | user entities: ('selected_index',) | previous action name: action_listen\n[state 6] user intent: select_product | user entities: ('selected_index',) | previous action name: action_resolve_product_selection\n[state 7] user intent: affirm | previous action name: action_listen", "event": "rule_policy.actions.find", "level": "debug"}
2026-07-21 10:35:58 [1;30mDEBUG   [0m [34mrasa.core.policies.rule_policy[0m  - There is a rule for the next action 'action_handle_affirm'.
2026-07-21 10:35:58 [1;30mDEBUG   [0m [34mrasa.engine.graph[0m  - Node 'run_TEDPolicy2' running 'TEDPolicy.predict_action_probabilities'.
2026-07-21 10:35:58 [1;30mDEBUG   [0m [34mrasa.core.policies.ted_policy[0m  - TED predicted 'action_handle_affirm' based on user intent.
2026-07-21 10:35:58 [1;30mDEBUG   [0m [34mrasa.engine.graph[0m  - Node 'select_prediction' running 'DefaultPolicyPredictionEnsemble.combine_predictions_from_kwargs'.
2026-07-21 10:35:58 [1;30mDEBUG   [0m [34mrasa.core.policies.ensemble[0m  - Made prediction using user intent.
2026-07-21 10:35:58 [1;30mDEBUG   [0m [34mrasa.core.policies.ensemble[0m  - Added `DefinePrevUserUtteredFeaturization(False)` event.
2026-07-21 10:35:58 [1;30mDEBUG   [0m [34mrasa.core.policies.ensemble[0m  - Predicted next action using RulePolicy.
2026-07-21 10:35:58 [1;30mDEBUG   [0m [34mrasa.core.processor[0m  - Predicted next action 'action_handle_affirm' with confidence 1.00.
2026-07-21 10:35:58 [1;30mDEBUG   [0m [34mrasa.core.actions.action[0m  - Calling action endpoint to run action 'action_handle_affirm'.
2026-07-21 10:35:58 [1;30mDEBUG   [0m [34mrasa.core.processor[0m  - {"prediction_events": ["<rasa.shared.core.events.DefinePrevUserUtteredFeaturization object at 0x00000257F23E6A10>"], "event": "processor.actions.policy_prediction", "level": "debug"}
2026-07-21 10:35:58 [1;30mDEBUG   [0m [34mrasa.core.processor[0m  - {"action_name": "action_handle_affirm", "rasa_events": ["BotUttered('\u062a\u0645\u062a \u0625\u0636\u0627\u0641\u0629 2 \u0645\u0646 \u0628\u064a\u062a\u0632\u0627 \u062f\u062c\u0627\u062c \u0643\u0628\u064a\u0631\u0629 \u0625\u0644\u0649 \u0627\u0644\u0633\u0644\u0629 \u0627\u0644\u062a\u062c\u0631\u064a\u0628\u064a\u0629 \u2705', {\"elements\": null, \"quick_replies\": null, \"buttons\": null, \"attachment\": null, \"image\": null, \"custom\": null}, {}, 1784619358.183143)", "SlotSet(key: cart_idempotency_key, value: falcon-add_to_cart-942246f9893c8e48a11bf289)", "SlotSet(key: pending_action, value: {'type': 'add_to_cart', 'status': 'submitted', 'idempotency_key': 'falcon-add_to_cart-942246f9893c8e48a11bf289', 'message': '\u062a\u0645\u062a \u0625\u0636\u0627\u0641\u0629 2 \u0645\u0646 \u0628\u064a\u062a\u0632\u0627 \u062f\u062c\u0627\u062c \u0643\u0628\u064a\u0631\u0629 \u0625\u0644\u0649 \u0627\u0644\u0633\u0644\u0629 \u0627\u0644\u062a\u062c\u0631\u064a\u0628\u064a\u0629 \u2705'})", "SlotSet(key: quantity, value: None)", "SlotSet(key: selected_index, value: None)", "SlotSet(key: selected_product_id, value: None)", "SlotSet(key: selected_product_name, value: None)", "SlotSet(key: selected_product_details, value: None)", "SlotSet(key: search_results, value: [])", "SlotSet(key: displayed_product_ids, value: [])", "SlotSet(key: result_offset, value: 0)", "SlotSet(key: has_more_results, value: False)", "SlotSet(key: previous_search_filters, value: None)", "SlotSet(key: dialogue_stage, value: completed)", "SlotSet(key: awaiting_selection, value: False)", "SlotSet(key: awaiting_quantity, value: False)", "SlotSet(key: awaiting_cart_confirmation, value: False)", "SlotSet(key: last_bot_question, value: \u0647\u0644 \u062a\u0631\u064a\u062f \u0637\u0644\u0628\u064b\u0627 \u0622\u062e\u0631\u061f)"], "event": "processor.actions.log", "level": "debug"}
2026-07-21 10:35:58 [1;30mDEBUG   [0m [34mrasa.core.processor[0m  - {"slot_values": "\tproduct_name: None\n\tfood_category: pizza\n\tsize: large\n\tquantity: None\n\tmax_price: None\n\tincluded_ingredients: None\n\texcluded_ingredients: ['\u0641\u0637\u0631']\n\tselected_index: None\n\tselected_product_id: None\n\tselected_product_name: None\n\tselected_product_details: None\n\tsearch_results: []\n\tdisplayed_product_ids: []\n\tresult_offset: 0\n\thas_more_results: False\n\tdialogue_stage: completed\n\tawaiting_quantity: False\n\tawaiting_selection: False\n\tawaiting_cart_confirmation: False\n\tpending_action: {'type': 'add_to_cart', 'status': 'submitted', 'idempotency_key': 'falcon-add_to_cart-942246f9893c8e48a11bf289', 'message': '\u062a\u0645\u062a \u0625\u0636\u0627\u0641\u0629 2 \u0645\u0646 \u0628\u064a\u062a\u0632\u0627 \u062f\u062c\u0627\u062c \u0643\u0628\u064a\u0631\u0629 \u0625\u0644\u0649 \u0627\u0644\u0633\u0644\u0629 \u0627\u0644\u062a\u062c\u0631\u064a\u0628\u064a\u0629 \u2705'}\n\tlast_requested_attribute: None\n\tprevious_search_filters: None\n\tlast_bot_question: \u0647\u0644 \u062a\u0631\u064a\u062f \u0637\u0644\u0628\u064b\u0627 \u0622\u062e\u0631\u061f\n\tcart_idempotency_key: falcon-add_to_cart-942246f9893c8e48a11bf289\n\tsession_started_metadata: None", "event": "processor.slots.log", "level": "debug"}
2026-07-21 10:35:58 [1;30mDEBUG   [0m [34mrasa.engine.runner.dask[0m  - Running graph with inputs: {'__tracker__': <rasa.shared.core.trackers.DialogueStateTracker object at 0x00000257F4846D10>}, targets: ['select_prediction'] and ExecutionContext(model_id='aecf59e519724d7085c5203ce38acf11', should_add_diagnostic_data=False, is_finetuning=False, node_name=None).
2026-07-21 10:35:58 [1;30mDEBUG   [0m [34mrasa.engine.graph[0m  - Node 'rule_only_data_provider' running 'RuleOnlyDataProvider.provide'.
2026-07-21 10:35:58 [1;30mDEBUG   [0m [34mrasa.engine.graph[0m  - Node 'domain_provider' running 'DomainProvider.provide_inference'.
2026-07-21 10:35:58 [1;30mDEBUG   [0m [34mrasa.engine.graph[0m  - Node 'run_MemoizationPolicy0' running 'MemoizationPolicy.predict_action_probabilities'.
2026-07-21 10:35:58 [1;30mDEBUG   [0m [34mrasa.core.policies.memoization[0m  - {"tracker_states": [{}, {"user": {"intent": "search_product", "entities": ["excluded_ingredient", "food_category", "size"]}, "prev_action": {"action_name": "action_listen"}}, {"user": {"intent": "search_product", "entities": ["excluded_ingredient", "food_category", "size"]}, "prev_action": {"action_name": "action_search_products"}}, {"user": {"intent": "select_product", "entities": ["selected_index"]}, "prev_action": {"action_name": "action_listen"}}, {"user": {"intent": "select_product", "entities": ["selected_index"]}, "prev_action": {"action_name": "action_resolve_product_selection"}}, {"user": {"intent": "select_product", "entities": ["selected_index"]}, "prev_action": {"action_name": "action_listen"}}, {"user": {"intent": "select_product", "entities": ["selected_index"]}, "prev_action": {"action_name": "action_resolve_product_selection"}}, {"user": {"intent": "affirm"}, "prev_action": {"action_name": "action_listen"}}, {"user": {"intent": "affirm"}, "prev_action": {"action_name": "action_handle_affirm"}}], "event": "memoization.predict.actions", "level": "debug"}
2026-07-21 10:35:58 [1;30mDEBUG   [0m [34mrasa.core.policies.memoization[0m  - There is no memorised next action
2026-07-21 10:35:58 [1;30mDEBUG   [0m [34mrasa.engine.graph[0m  - Node 'run_RulePolicy1' running 'RulePolicy.predict_action_probabilities'.
2026-07-21 10:35:58 [1;30mDEBUG   [0m [34mrasa.core.policies.rule_policy[0m  - {"current_states": "\n[state 1] user intent: search_product | user entities: ('excluded_ingredient', 'food_category', 'size') | previous action name: action_listen\n[state 2] user intent: search_product | user entities: ('excluded_ingredient', 'food_category', 'size') | previous action name: action_search_products\n[state 3] user intent: select_product | user entities: ('selected_index',) | previous action name: action_listen\n[state 4] user intent: select_product | user entities: ('selected_index',) | previous action name: action_resolve_product_selection\n[state 5] user intent: select_product | user entities: ('selected_index',) | previous action name: action_listen\n[state 6] user intent: select_product | user entities: ('selected_index',) | previous action name: action_resolve_product_selection\n[state 7] user intent: affirm | previous action name: action_listen\n[state 8] user intent: affirm | previous action name: action_handle_affirm", "event": "rule_policy.actions.find", "level": "debug"}
2026-07-21 10:35:58 [1;30mDEBUG   [0m [34mrasa.core.policies.rule_policy[0m  - There is a rule for the next action 'action_listen'.
2026-07-21 10:35:58 [1;30mDEBUG   [0m [34mrasa.engine.graph[0m  - Node 'run_TEDPolicy2' running 'TEDPolicy.predict_action_probabilities'.
2026-07-21 10:35:58 [1;30mDEBUG   [0m [34mrasa.core.policies.ted_policy[0m  - TED predicted 'action_listen' based on user intent.
2026-07-21 10:35:58 [1;30mDEBUG   [0m [34mrasa.engine.graph[0m  - Node 'select_prediction' running 'DefaultPolicyPredictionEnsemble.combine_predictions_from_kwargs'.
2026-07-21 10:35:58 [1;30mDEBUG   [0m [34mrasa.core.policies.ensemble[0m  - Predicted next action using RulePolicy.
2026-07-21 10:35:58 [1;30mDEBUG   [0m [34mrasa.core.processor[0m  - Predicted next action 'action_listen' with confidence 1.00.
2026-07-21 10:35:58 [1;30mDEBUG   [0m [34mrasa.core.processor[0m  - {"prediction_events": [], "event": "processor.actions.policy_prediction", "level": "debug"}
2026-07-21 10:35:58 [1;30mDEBUG   [0m [34mrasa.core.processor[0m  - {"action_name": "action_listen", "rasa_events": [], "event": "processor.actions.log", "level": "debug"}
2026-07-21 10:35:58 [1;30mDEBUG   [0m [34mrasa.core.tracker_store[0m  - No event broker configured. Skipping streaming events.
2026-07-21 10:35:58 [1;30mDEBUG   [0m [34mrasa.core.lock_store[0m  - Deleted lock for conversation 'live-runtime-final'.
2026-07-21 10:35:58 [1;30mDEBUG   [0m [34mrasa.core.tracker_store[0m  - Recreating tracker for id 'live-runtime-final'
